EGA_RUN_ID	Biosample_id	Sample_name	EGAN-RNA-seq	EGAN-ATAC
EGAR00001412738	SAMEA3598190	wuye_2_N_ATAC-sc-2424517	#N/A	EGAN00001327759
EGAR00001412739	SAMEA3598191	feec_1_N_ATAC-sc-2424518	#N/A	EGAN00001327760
EGAR00001412740	SAMEA3598192	kucg_1_N_ATAC-sc-2424519	#N/A	EGAN00001327761
EGAR00001412741	SAMEA3598193	hoik_1_N_ATAC-sc-2424520	#N/A	EGAN00001327762
EGAR00001412742	SAMEA3598194	qonc_2_N_ATAC-sc-2424521	#N/A	EGAN00001327763
EGAR00001412743	SAMEA3598195	hayt_1_N_ATAC-sc-2424522	#N/A	EGAN00001327764
EGAR00001412744	SAMEA3598177	rozh_5_N_ATAC-sc-2424504	#N/A	EGAN00001327746
EGAR00001412745	SAMEA3598176	fiau_1_N_ATAC-sc-2424503	#N/A	EGAN00001327745
EGAR00001412746	SAMEA3598178	xugn_1_N_ATAC-sc-2424505	#N/A	EGAN00001327747
EGAR00001412747	SAMEA3598179	kuxp_1_N_ATAC-sc-2424506	#N/A	EGAN00001327748
EGAR00001412748	SAMEA3598196	lise_1_N_ATAC-sc-2424523	#N/A	EGAN00001327765
EGAR00001412749	SAMEA3598180	nemb_1_N_ATAC-sc-2424507	#N/A	EGAN00001327749
EGAR00001412750	SAMEA3598181	vabj_3_N_ATAC-sc-2424508	#N/A	EGAN00001327750
EGAR00001412751	SAMEA3598182	eipl_1_N_ATAC-sc-2424509	#N/A	EGAN00001327751
EGAR00001412752	SAMEA3598183	febc_2_N_ATAC-sc-2424510	#N/A	EGAN00001327752
EGAR00001412753	SAMEA3598188	pelm_3_C_N_ATAC-sc-2424515	#N/A	EGAN00001327757
EGAR00001412754	SAMEA3598184	kehc_2_N_ATAC-sc-2424511	#N/A	EGAN00001327753
EGAR00001412755	SAMEA3598185	pamv_3_N_ATAC-sc-2424512	#N/A	EGAN00001327754
EGAR00001412756	SAMEA3598189	eiwy_1_N_ATAC-sc-2424516	#N/A	EGAN00001327758
EGAR00001412757	SAMEA3598187	podx_1_C_N_ATAC-sc-2424514	#N/A	EGAN00001327756
EGAR00001412758	SAMEA3598186	qony_1_N_ATAC-sc-2424513	#N/A	EGAN00001327755
EGAR00001412759	SAMEA3598190	wuye_2_N_ATAC-sc-2424517	#N/A	EGAN00001327759
EGAR00001412760	SAMEA3598191	feec_1_N_ATAC-sc-2424518	#N/A	EGAN00001327760
EGAR00001412761	SAMEA3598192	kucg_1_N_ATAC-sc-2424519	#N/A	EGAN00001327761
EGAR00001412762	SAMEA3598193	hoik_1_N_ATAC-sc-2424520	#N/A	EGAN00001327762
EGAR00001412763	SAMEA3598194	qonc_2_N_ATAC-sc-2424521	#N/A	EGAN00001327763
EGAR00001412764	SAMEA3598195	hayt_1_N_ATAC-sc-2424522	#N/A	EGAN00001327764
EGAR00001412765	SAMEA3598177	rozh_5_N_ATAC-sc-2424504	#N/A	EGAN00001327746
EGAR00001412766	SAMEA3598176	fiau_1_N_ATAC-sc-2424503	#N/A	EGAN00001327745
EGAR00001412767	SAMEA3598178	xugn_1_N_ATAC-sc-2424505	#N/A	EGAN00001327747
EGAR00001412768	SAMEA3598179	kuxp_1_N_ATAC-sc-2424506	#N/A	EGAN00001327748
EGAR00001412769	SAMEA3598196	lise_1_N_ATAC-sc-2424523	#N/A	EGAN00001327765
EGAR00001412770	SAMEA3598180	nemb_1_N_ATAC-sc-2424507	#N/A	EGAN00001327749
EGAR00001412771	SAMEA3598181	vabj_3_N_ATAC-sc-2424508	#N/A	EGAN00001327750
EGAR00001412772	SAMEA3598182	eipl_1_N_ATAC-sc-2424509	#N/A	EGAN00001327751
EGAR00001412773	SAMEA3598183	febc_2_N_ATAC-sc-2424510	#N/A	EGAN00001327752
EGAR00001412774	SAMEA3598188	pelm_3_C_N_ATAC-sc-2424515	#N/A	EGAN00001327757
EGAR00001412775	SAMEA3598184	kehc_2_N_ATAC-sc-2424511	#N/A	EGAN00001327753
EGAR00001412776	SAMEA3598185	pamv_3_N_ATAC-sc-2424512	#N/A	EGAN00001327754
EGAR00001412777	SAMEA3598189	eiwy_1_N_ATAC-sc-2424516	#N/A	EGAN00001327758
EGAR00001412778	SAMEA3598187	podx_1_C_N_ATAC-sc-2424514	#N/A	EGAN00001327756
EGAR00001412779	SAMEA3598186	qony_1_N_ATAC-sc-2424513	#N/A	EGAN00001327755
EGAR00001410196	SAMEA3864996	427f83e0-5ba6-11e5-9fed-3c4a9275d6c6	EGAN00001364857	#N/A
EGAR00001410197	SAMEA3864997	42863aa0-5ba6-11e5-9fed-3c4a9275d6c6	EGAN00001364858	#N/A
EGAR00001410198	SAMEA3864998	428cca50-5ba6-11e5-9fed-3c4a9275d6c6	EGAN00001364859	#N/A
EGAR00001410199	SAMEA3864984	429aad00-5ba6-11e5-9fed-3c4a9275d6c6	EGAN00001364845	#N/A
EGAR00001410200	SAMEA3864985	42a4bf20-5ba6-11e5-9fed-3c4a9275d6c6	EGAN00001364846	#N/A
EGAR00001410201	SAMEA3864986	42bb7b70-5ba6-11e5-9fed-3c4a9275d6c6	EGAN00001364847	#N/A
EGAR00001410202	SAMEA3864987	42cae4c0-5ba6-11e5-9fed-3c4a9275d6c6	EGAN00001364848	#N/A
EGAR00001410203	SAMEA3864988	42d4cfd0-5ba6-11e5-9fed-3c4a9275d6c6	EGAN00001364849	#N/A
EGAR00001410204	SAMEA3864989	42dbada0-5ba6-11e5-9fed-3c4a9275d6c6	EGAN00001364850	#N/A
EGAR00001410205	SAMEA3864990	42ea53a0-5ba6-11e5-9fed-3c4a9275d6c6	EGAN00001364851	#N/A
EGAR00001410206	SAMEA3864983	424ba2a0-5ba6-11e5-9fed-3c4a9275d6c6	EGAN00001364844	#N/A
EGAR00001410207	SAMEA3864991	4252a780-5ba6-11e5-9fed-3c4a9275d6c6	EGAN00001364852	#N/A
EGAR00001410388	SAMEA3598193	hoik_1_N_ATAC-sc-2424520	#N/A	EGAN00001327762
EGAR00001410389	SAMEA3598194	qonc_2_N_ATAC-sc-2424521	#N/A	EGAN00001327763
EGAR00001410390	SAMEA3598195	hayt_1_N_ATAC-sc-2424522	#N/A	EGAN00001327764
EGAR00001410391	SAMEA3598177	rozh_5_N_ATAC-sc-2424504	#N/A	EGAN00001327746
EGAR00001410392	SAMEA3598176	fiau_1_N_ATAC-sc-2424503	#N/A	EGAN00001327745
EGAR00001410393	SAMEA3598178	xugn_1_N_ATAC-sc-2424505	#N/A	EGAN00001327747
EGAR00001410394	SAMEA3598179	kuxp_1_N_ATAC-sc-2424506	#N/A	EGAN00001327748
EGAR00001410395	SAMEA3598196	lise_1_N_ATAC-sc-2424523	#N/A	EGAN00001327765
EGAR00001410396	SAMEA3598180	nemb_1_N_ATAC-sc-2424507	#N/A	EGAN00001327749
EGAR00001410397	SAMEA3598181	vabj_3_N_ATAC-sc-2424508	#N/A	EGAN00001327750
EGAR00001410398	SAMEA3598182	eipl_1_N_ATAC-sc-2424509	#N/A	EGAN00001327751
EGAR00001410399	SAMEA3598183	febc_2_N_ATAC-sc-2424510	#N/A	EGAN00001327752
EGAR00001410208	SAMEA3864992	425d55e0-5ba6-11e5-9fed-3c4a9275d6c6	EGAN00001364853	#N/A
EGAR00001410209	SAMEA3864993	42667da0-5ba6-11e5-9fed-3c4a9275d6c6	EGAN00001364854	#N/A
EGAR00001410210	SAMEA3864994	426da990-5ba6-11e5-9fed-3c4a9275d6c6	EGAN00001364855	#N/A
EGAR00001410211	SAMEA3864995	42771f70-5ba6-11e5-9fed-3c4a9275d6c6	EGAN00001364856	#N/A
EGAR00001410212	SAMEA3864996	427f83e0-5ba6-11e5-9fed-3c4a9275d6c6	EGAN00001364857	#N/A
EGAR00001410213	SAMEA3864997	42863aa0-5ba6-11e5-9fed-3c4a9275d6c6	EGAN00001364858	#N/A
EGAR00001410214	SAMEA3864998	428cca50-5ba6-11e5-9fed-3c4a9275d6c6	EGAN00001364859	#N/A
EGAR00001410215	SAMEA3864984	429aad00-5ba6-11e5-9fed-3c4a9275d6c6	EGAN00001364845	#N/A
EGAR00001410216	SAMEA3864985	42a4bf20-5ba6-11e5-9fed-3c4a9275d6c6	EGAN00001364846	#N/A
EGAR00001410217	SAMEA3864986	42bb7b70-5ba6-11e5-9fed-3c4a9275d6c6	EGAN00001364847	#N/A
EGAR00001410218	SAMEA3864987	42cae4c0-5ba6-11e5-9fed-3c4a9275d6c6	EGAN00001364848	#N/A
EGAR00001410219	SAMEA3864988	42d4cfd0-5ba6-11e5-9fed-3c4a9275d6c6	EGAN00001364849	#N/A
EGAR00001410400	SAMEA3598188	pelm_3_C_N_ATAC-sc-2424515	#N/A	EGAN00001327757
EGAR00001410401	SAMEA3598184	kehc_2_N_ATAC-sc-2424511	#N/A	EGAN00001327753
EGAR00001410402	SAMEA3598185	pamv_3_N_ATAC-sc-2424512	#N/A	EGAN00001327754
EGAR00001410403	SAMEA3598189	eiwy_1_N_ATAC-sc-2424516	#N/A	EGAN00001327758
EGAR00001410404	SAMEA3598187	podx_1_C_N_ATAC-sc-2424514	#N/A	EGAN00001327756
EGAR00001410405	SAMEA3598186	qony_1_N_ATAC-sc-2424513	#N/A	EGAN00001327755
EGAR00001410220	SAMEA3864989	42dbada0-5ba6-11e5-9fed-3c4a9275d6c6	EGAN00001364850	#N/A
EGAR00001410221	SAMEA3864990	42ea53a0-5ba6-11e5-9fed-3c4a9275d6c6	EGAN00001364851	#N/A
EGAR00001410222	SAMEA3864983	424ba2a0-5ba6-11e5-9fed-3c4a9275d6c6	EGAN00001364844	#N/A
EGAR00001410223	SAMEA3864991	4252a780-5ba6-11e5-9fed-3c4a9275d6c6	EGAN00001364852	#N/A
EGAR00001410224	SAMEA3864992	425d55e0-5ba6-11e5-9fed-3c4a9275d6c6	EGAN00001364853	#N/A
EGAR00001410225	SAMEA3864993	42667da0-5ba6-11e5-9fed-3c4a9275d6c6	EGAN00001364854	#N/A
EGAR00001410226	SAMEA3864994	426da990-5ba6-11e5-9fed-3c4a9275d6c6	EGAN00001364855	#N/A
EGAR00001410227	SAMEA3864995	42771f70-5ba6-11e5-9fed-3c4a9275d6c6	EGAN00001364856	#N/A
EGAR00001410228	SAMEA3864996	427f83e0-5ba6-11e5-9fed-3c4a9275d6c6	EGAN00001364857	#N/A
EGAR00001410229	SAMEA3864997	42863aa0-5ba6-11e5-9fed-3c4a9275d6c6	EGAN00001364858	#N/A
EGAR00001410230	SAMEA3864998	428cca50-5ba6-11e5-9fed-3c4a9275d6c6	EGAN00001364859	#N/A
EGAR00001410231	SAMEA3864984	429aad00-5ba6-11e5-9fed-3c4a9275d6c6	EGAN00001364845	#N/A
EGAR00001410232	SAMEA3864985	42a4bf20-5ba6-11e5-9fed-3c4a9275d6c6	EGAN00001364846	#N/A
EGAR00001410233	SAMEA3864986	42bb7b70-5ba6-11e5-9fed-3c4a9275d6c6	EGAN00001364847	#N/A
EGAR00001410234	SAMEA3864987	42cae4c0-5ba6-11e5-9fed-3c4a9275d6c6	EGAN00001364848	#N/A
EGAR00001410235	SAMEA3864988	42d4cfd0-5ba6-11e5-9fed-3c4a9275d6c6	EGAN00001364849	#N/A
EGAR00001410236	SAMEA3864989	42dbada0-5ba6-11e5-9fed-3c4a9275d6c6	EGAN00001364850	#N/A
EGAR00001410237	SAMEA3864990	42ea53a0-5ba6-11e5-9fed-3c4a9275d6c6	EGAN00001364851	#N/A
EGAR00001410238	SAMEA3598190	wuye_2_N_ATAC-sc-2424517	#N/A	EGAN00001327759
EGAR00001410239	SAMEA3598191	feec_1_N_ATAC-sc-2424518	#N/A	EGAN00001327760
EGAR00001410240	SAMEA3598192	kucg_1_N_ATAC-sc-2424519	#N/A	EGAN00001327761
EGAR00001410241	SAMEA3598193	hoik_1_N_ATAC-sc-2424520	#N/A	EGAN00001327762
EGAR00001410242	SAMEA3598194	qonc_2_N_ATAC-sc-2424521	#N/A	EGAN00001327763
EGAR00001410243	SAMEA3598195	hayt_1_N_ATAC-sc-2424522	#N/A	EGAN00001327764
EGAR00001410244	SAMEA3598177	rozh_5_N_ATAC-sc-2424504	#N/A	EGAN00001327746
EGAR00001410245	SAMEA3598176	fiau_1_N_ATAC-sc-2424503	#N/A	EGAN00001327745
EGAR00001410246	SAMEA3598178	xugn_1_N_ATAC-sc-2424505	#N/A	EGAN00001327747
EGAR00001410247	SAMEA3598179	kuxp_1_N_ATAC-sc-2424506	#N/A	EGAN00001327748
EGAR00001410248	SAMEA3598196	lise_1_N_ATAC-sc-2424523	#N/A	EGAN00001327765
EGAR00001410249	SAMEA3598180	nemb_1_N_ATAC-sc-2424507	#N/A	EGAN00001327749
EGAR00001410250	SAMEA3598181	vabj_3_N_ATAC-sc-2424508	#N/A	EGAN00001327750
EGAR00001410251	SAMEA3598182	eipl_1_N_ATAC-sc-2424509	#N/A	EGAN00001327751
EGAR00001410252	SAMEA3598183	febc_2_N_ATAC-sc-2424510	#N/A	EGAN00001327752
EGAR00001410253	SAMEA3598188	pelm_3_C_N_ATAC-sc-2424515	#N/A	EGAN00001327757
EGAR00001410254	SAMEA3598184	kehc_2_N_ATAC-sc-2424511	#N/A	EGAN00001327753
EGAR00001410255	SAMEA3598185	pamv_3_N_ATAC-sc-2424512	#N/A	EGAN00001327754
EGAR00001410256	SAMEA3598189	eiwy_1_N_ATAC-sc-2424516	#N/A	EGAN00001327758
EGAR00001410257	SAMEA3598187	podx_1_C_N_ATAC-sc-2424514	#N/A	EGAN00001327756
EGAR00001410258	SAMEA3598186	qony_1_N_ATAC-sc-2424513	#N/A	EGAN00001327755
EGAR00001410259	SAMEA3598190	wuye_2_N_ATAC-sc-2424517	#N/A	EGAN00001327759
EGAR00001410260	SAMEA3598191	feec_1_N_ATAC-sc-2424518	#N/A	EGAN00001327760
EGAR00001410261	SAMEA3598192	kucg_1_N_ATAC-sc-2424519	#N/A	EGAN00001327761
EGAR00001410262	SAMEA3598193	hoik_1_N_ATAC-sc-2424520	#N/A	EGAN00001327762
EGAR00001410263	SAMEA3598194	qonc_2_N_ATAC-sc-2424521	#N/A	EGAN00001327763
EGAR00001410264	SAMEA3598195	hayt_1_N_ATAC-sc-2424522	#N/A	EGAN00001327764
EGAR00001410265	SAMEA3598177	rozh_5_N_ATAC-sc-2424504	#N/A	EGAN00001327746
EGAR00001410266	SAMEA3598176	fiau_1_N_ATAC-sc-2424503	#N/A	EGAN00001327745
EGAR00001410267	SAMEA3598178	xugn_1_N_ATAC-sc-2424505	#N/A	EGAN00001327747
EGAR00001410268	SAMEA3598179	kuxp_1_N_ATAC-sc-2424506	#N/A	EGAN00001327748
EGAR00001410269	SAMEA3598196	lise_1_N_ATAC-sc-2424523	#N/A	EGAN00001327765
EGAR00001410270	SAMEA3598180	nemb_1_N_ATAC-sc-2424507	#N/A	EGAN00001327749
EGAR00001410271	SAMEA3598181	vabj_3_N_ATAC-sc-2424508	#N/A	EGAN00001327750
EGAR00001410272	SAMEA3598182	eipl_1_N_ATAC-sc-2424509	#N/A	EGAN00001327751
EGAR00001410273	SAMEA3598183	febc_2_N_ATAC-sc-2424510	#N/A	EGAN00001327752
EGAR00001410274	SAMEA3598188	pelm_3_C_N_ATAC-sc-2424515	#N/A	EGAN00001327757
EGAR00001410275	SAMEA3598184	kehc_2_N_ATAC-sc-2424511	#N/A	EGAN00001327753
EGAR00001410276	SAMEA3598185	pamv_3_N_ATAC-sc-2424512	#N/A	EGAN00001327754
EGAR00001410277	SAMEA3598189	eiwy_1_N_ATAC-sc-2424516	#N/A	EGAN00001327758
EGAR00001410278	SAMEA3598187	podx_1_C_N_ATAC-sc-2424514	#N/A	EGAN00001327756
EGAR00001410279	SAMEA3598186	qony_1_N_ATAC-sc-2424513	#N/A	EGAN00001327755
EGAR00001410280	SAMEA3598190	wuye_2_N_ATAC-sc-2424517	#N/A	EGAN00001327759
EGAR00001410281	SAMEA3598191	feec_1_N_ATAC-sc-2424518	#N/A	EGAN00001327760
EGAR00001410282	SAMEA3598192	kucg_1_N_ATAC-sc-2424519	#N/A	EGAN00001327761
EGAR00001410283	SAMEA3598193	hoik_1_N_ATAC-sc-2424520	#N/A	EGAN00001327762
EGAR00001410284	SAMEA3598194	qonc_2_N_ATAC-sc-2424521	#N/A	EGAN00001327763
EGAR00001410285	SAMEA3598195	hayt_1_N_ATAC-sc-2424522	#N/A	EGAN00001327764
EGAR00001410286	SAMEA3598177	rozh_5_N_ATAC-sc-2424504	#N/A	EGAN00001327746
EGAR00001410287	SAMEA3598176	fiau_1_N_ATAC-sc-2424503	#N/A	EGAN00001327745
EGAR00001410288	SAMEA3598178	xugn_1_N_ATAC-sc-2424505	#N/A	EGAN00001327747
EGAR00001410289	SAMEA3598179	kuxp_1_N_ATAC-sc-2424506	#N/A	EGAN00001327748
EGAR00001410290	SAMEA3598196	lise_1_N_ATAC-sc-2424523	#N/A	EGAN00001327765
EGAR00001410291	SAMEA3598180	nemb_1_N_ATAC-sc-2424507	#N/A	EGAN00001327749
EGAR00001410292	SAMEA3598181	vabj_3_N_ATAC-sc-2424508	#N/A	EGAN00001327750
EGAR00001410293	SAMEA3598182	eipl_1_N_ATAC-sc-2424509	#N/A	EGAN00001327751
EGAR00001410294	SAMEA3598183	febc_2_N_ATAC-sc-2424510	#N/A	EGAN00001327752
EGAR00001410295	SAMEA3598188	pelm_3_C_N_ATAC-sc-2424515	#N/A	EGAN00001327757
EGAR00001410296	SAMEA3598184	kehc_2_N_ATAC-sc-2424511	#N/A	EGAN00001327753
EGAR00001410297	SAMEA3598185	pamv_3_N_ATAC-sc-2424512	#N/A	EGAN00001327754
EGAR00001410298	SAMEA3598189	eiwy_1_N_ATAC-sc-2424516	#N/A	EGAN00001327758
EGAR00001410299	SAMEA3598187	podx_1_C_N_ATAC-sc-2424514	#N/A	EGAN00001327756
EGAR00001410300	SAMEA3598186	qony_1_N_ATAC-sc-2424513	#N/A	EGAN00001327755
EGAR00001410301	SAMEA3598190	wuye_2_N_ATAC-sc-2424517	#N/A	EGAN00001327759
EGAR00001410302	SAMEA3598191	feec_1_N_ATAC-sc-2424518	#N/A	EGAN00001327760
EGAR00001410303	SAMEA3598192	kucg_1_N_ATAC-sc-2424519	#N/A	EGAN00001327761
EGAR00001410304	SAMEA3598193	hoik_1_N_ATAC-sc-2424520	#N/A	EGAN00001327762
EGAR00001410305	SAMEA3598194	qonc_2_N_ATAC-sc-2424521	#N/A	EGAN00001327763
EGAR00001410306	SAMEA3598195	hayt_1_N_ATAC-sc-2424522	#N/A	EGAN00001327764
EGAR00001410307	SAMEA3598177	rozh_5_N_ATAC-sc-2424504	#N/A	EGAN00001327746
EGAR00001410308	SAMEA3598176	fiau_1_N_ATAC-sc-2424503	#N/A	EGAN00001327745
EGAR00001410309	SAMEA3598178	xugn_1_N_ATAC-sc-2424505	#N/A	EGAN00001327747
EGAR00001410310	SAMEA3598179	kuxp_1_N_ATAC-sc-2424506	#N/A	EGAN00001327748
EGAR00001410311	SAMEA3598196	lise_1_N_ATAC-sc-2424523	#N/A	EGAN00001327765
EGAR00001410312	SAMEA3598180	nemb_1_N_ATAC-sc-2424507	#N/A	EGAN00001327749
EGAR00001410313	SAMEA3598181	vabj_3_N_ATAC-sc-2424508	#N/A	EGAN00001327750
EGAR00001410314	SAMEA3598182	eipl_1_N_ATAC-sc-2424509	#N/A	EGAN00001327751
EGAR00001410315	SAMEA3598183	febc_2_N_ATAC-sc-2424510	#N/A	EGAN00001327752
EGAR00001410316	SAMEA3598188	pelm_3_C_N_ATAC-sc-2424515	#N/A	EGAN00001327757
EGAR00001410317	SAMEA3598184	kehc_2_N_ATAC-sc-2424511	#N/A	EGAN00001327753
EGAR00001410318	SAMEA3598185	pamv_3_N_ATAC-sc-2424512	#N/A	EGAN00001327754
EGAR00001410319	SAMEA3598189	eiwy_1_N_ATAC-sc-2424516	#N/A	EGAN00001327758
EGAR00001410320	SAMEA3598187	podx_1_C_N_ATAC-sc-2424514	#N/A	EGAN00001327756
EGAR00001410321	SAMEA3598186	qony_1_N_ATAC-sc-2424513	#N/A	EGAN00001327755
EGAR00001410322	SAMEA3598190	wuye_2_N_ATAC-sc-2424517	#N/A	EGAN00001327759
EGAR00001410323	SAMEA3598191	feec_1_N_ATAC-sc-2424518	#N/A	EGAN00001327760
EGAR00001410324	SAMEA3598192	kucg_1_N_ATAC-sc-2424519	#N/A	EGAN00001327761
EGAR00001410325	SAMEA3598193	hoik_1_N_ATAC-sc-2424520	#N/A	EGAN00001327762
EGAR00001410326	SAMEA3598194	qonc_2_N_ATAC-sc-2424521	#N/A	EGAN00001327763
EGAR00001410327	SAMEA3598195	hayt_1_N_ATAC-sc-2424522	#N/A	EGAN00001327764
EGAR00001410328	SAMEA3598177	rozh_5_N_ATAC-sc-2424504	#N/A	EGAN00001327746
EGAR00001410329	SAMEA3598176	fiau_1_N_ATAC-sc-2424503	#N/A	EGAN00001327745
EGAR00001410330	SAMEA3598178	xugn_1_N_ATAC-sc-2424505	#N/A	EGAN00001327747
EGAR00001410331	SAMEA3598179	kuxp_1_N_ATAC-sc-2424506	#N/A	EGAN00001327748
EGAR00001410332	SAMEA3598196	lise_1_N_ATAC-sc-2424523	#N/A	EGAN00001327765
EGAR00001410333	SAMEA3598180	nemb_1_N_ATAC-sc-2424507	#N/A	EGAN00001327749
EGAR00001410334	SAMEA3598181	vabj_3_N_ATAC-sc-2424508	#N/A	EGAN00001327750
EGAR00001410335	SAMEA3598182	eipl_1_N_ATAC-sc-2424509	#N/A	EGAN00001327751
EGAR00001410336	SAMEA3598183	febc_2_N_ATAC-sc-2424510	#N/A	EGAN00001327752
EGAR00001410337	SAMEA3598188	pelm_3_C_N_ATAC-sc-2424515	#N/A	EGAN00001327757
EGAR00001410338	SAMEA3598184	kehc_2_N_ATAC-sc-2424511	#N/A	EGAN00001327753
EGAR00001410339	SAMEA3598185	pamv_3_N_ATAC-sc-2424512	#N/A	EGAN00001327754
EGAR00001410340	SAMEA3598189	eiwy_1_N_ATAC-sc-2424516	#N/A	EGAN00001327758
EGAR00001410341	SAMEA3598187	podx_1_C_N_ATAC-sc-2424514	#N/A	EGAN00001327756
EGAR00001410342	SAMEA3598186	qony_1_N_ATAC-sc-2424513	#N/A	EGAN00001327755
EGAR00001410343	SAMEA3598190	wuye_2_N_ATAC-sc-2424517	#N/A	EGAN00001327759
EGAR00001410344	SAMEA3598191	feec_1_N_ATAC-sc-2424518	#N/A	EGAN00001327760
EGAR00001410345	SAMEA3598192	kucg_1_N_ATAC-sc-2424519	#N/A	EGAN00001327761
EGAR00001410346	SAMEA3598193	hoik_1_N_ATAC-sc-2424520	#N/A	EGAN00001327762
EGAR00001410347	SAMEA3598194	qonc_2_N_ATAC-sc-2424521	#N/A	EGAN00001327763
EGAR00001410348	SAMEA3598195	hayt_1_N_ATAC-sc-2424522	#N/A	EGAN00001327764
EGAR00001410349	SAMEA3598177	rozh_5_N_ATAC-sc-2424504	#N/A	EGAN00001327746
EGAR00001410350	SAMEA3598176	fiau_1_N_ATAC-sc-2424503	#N/A	EGAN00001327745
EGAR00001410351	SAMEA3598178	xugn_1_N_ATAC-sc-2424505	#N/A	EGAN00001327747
EGAR00001410352	SAMEA3598179	kuxp_1_N_ATAC-sc-2424506	#N/A	EGAN00001327748
EGAR00001410353	SAMEA3598196	lise_1_N_ATAC-sc-2424523	#N/A	EGAN00001327765
EGAR00001410354	SAMEA3598180	nemb_1_N_ATAC-sc-2424507	#N/A	EGAN00001327749
EGAR00001410355	SAMEA3598181	vabj_3_N_ATAC-sc-2424508	#N/A	EGAN00001327750
EGAR00001410356	SAMEA3598182	eipl_1_N_ATAC-sc-2424509	#N/A	EGAN00001327751
EGAR00001410357	SAMEA3598183	febc_2_N_ATAC-sc-2424510	#N/A	EGAN00001327752
EGAR00001410358	SAMEA3598188	pelm_3_C_N_ATAC-sc-2424515	#N/A	EGAN00001327757
EGAR00001410359	SAMEA3598184	kehc_2_N_ATAC-sc-2424511	#N/A	EGAN00001327753
EGAR00001410360	SAMEA3598185	pamv_3_N_ATAC-sc-2424512	#N/A	EGAN00001327754
EGAR00001410361	SAMEA3598189	eiwy_1_N_ATAC-sc-2424516	#N/A	EGAN00001327758
EGAR00001410362	SAMEA3598187	podx_1_C_N_ATAC-sc-2424514	#N/A	EGAN00001327756
EGAR00001410363	SAMEA3598186	qony_1_N_ATAC-sc-2424513	#N/A	EGAN00001327755
EGAR00001410364	SAMEA3598190	wuye_2_N_ATAC-sc-2424517	#N/A	EGAN00001327759
EGAR00001410365	SAMEA3598191	feec_1_N_ATAC-sc-2424518	#N/A	EGAN00001327760
EGAR00001410366	SAMEA3598192	kucg_1_N_ATAC-sc-2424519	#N/A	EGAN00001327761
EGAR00001410367	SAMEA3598193	hoik_1_N_ATAC-sc-2424520	#N/A	EGAN00001327762
EGAR00001410368	SAMEA3598194	qonc_2_N_ATAC-sc-2424521	#N/A	EGAN00001327763
EGAR00001410369	SAMEA3598195	hayt_1_N_ATAC-sc-2424522	#N/A	EGAN00001327764
EGAR00001410370	SAMEA3598177	rozh_5_N_ATAC-sc-2424504	#N/A	EGAN00001327746
EGAR00001410371	SAMEA3598176	fiau_1_N_ATAC-sc-2424503	#N/A	EGAN00001327745
EGAR00001410372	SAMEA3598178	xugn_1_N_ATAC-sc-2424505	#N/A	EGAN00001327747
EGAR00001410373	SAMEA3598179	kuxp_1_N_ATAC-sc-2424506	#N/A	EGAN00001327748
EGAR00001410374	SAMEA3598196	lise_1_N_ATAC-sc-2424523	#N/A	EGAN00001327765
EGAR00001410375	SAMEA3598180	nemb_1_N_ATAC-sc-2424507	#N/A	EGAN00001327749
EGAR00001410190	SAMEA3864983	424ba2a0-5ba6-11e5-9fed-3c4a9275d6c6	EGAN00001364844	#N/A
EGAR00001410191	SAMEA3864991	4252a780-5ba6-11e5-9fed-3c4a9275d6c6	EGAN00001364852	#N/A
EGAR00001410192	SAMEA3864992	425d55e0-5ba6-11e5-9fed-3c4a9275d6c6	EGAN00001364853	#N/A
EGAR00001410193	SAMEA3864993	42667da0-5ba6-11e5-9fed-3c4a9275d6c6	EGAN00001364854	#N/A
EGAR00001410194	SAMEA3864994	426da990-5ba6-11e5-9fed-3c4a9275d6c6	EGAN00001364855	#N/A
EGAR00001410195	SAMEA3864995	42771f70-5ba6-11e5-9fed-3c4a9275d6c6	EGAN00001364856	#N/A
EGAR00001410376	SAMEA3598181	vabj_3_N_ATAC-sc-2424508	#N/A	EGAN00001327750
EGAR00001410377	SAMEA3598182	eipl_1_N_ATAC-sc-2424509	#N/A	EGAN00001327751
EGAR00001410378	SAMEA3598183	febc_2_N_ATAC-sc-2424510	#N/A	EGAN00001327752
EGAR00001410379	SAMEA3598188	pelm_3_C_N_ATAC-sc-2424515	#N/A	EGAN00001327757
EGAR00001410380	SAMEA3598184	kehc_2_N_ATAC-sc-2424511	#N/A	EGAN00001327753
EGAR00001410381	SAMEA3598185	pamv_3_N_ATAC-sc-2424512	#N/A	EGAN00001327754
EGAR00001410382	SAMEA3598189	eiwy_1_N_ATAC-sc-2424516	#N/A	EGAN00001327758
EGAR00001410383	SAMEA3598187	podx_1_C_N_ATAC-sc-2424514	#N/A	EGAN00001327756
EGAR00001410384	SAMEA3598186	qony_1_N_ATAC-sc-2424513	#N/A	EGAN00001327755
EGAR00001410385	SAMEA3598190	wuye_2_N_ATAC-sc-2424517	#N/A	EGAN00001327759
EGAR00001410386	SAMEA3598191	feec_1_N_ATAC-sc-2424518	#N/A	EGAN00001327760
EGAR00001410387	SAMEA3598192	kucg_1_N_ATAC-sc-2424519	#N/A	EGAN00001327761
EGAR00001336428	SAMEA3234621	VORX_1_2-sc-2227976	EGAN00001264517	#N/A
EGAR00001336429	SAMEA3234623	KAKS_3-sc-2227977	EGAN00001264518	#N/A
EGAR00001336430	SAMEA3234625	ZUTA_1-sc-2227978	EGAN00001264519	#N/A
EGAR00001336431	SAMEA3234627	AUIM_2-sc-2227979	EGAN00001264520	#N/A
EGAR00001336432	SAMEA3234598	GIUO_4-sc-2227964	EGAN00001264505	#N/A
EGAR00001336433	SAMEA3234600	UOXZ_5-sc-2227965	EGAN00001264506	#N/A
EGAR00001336434	SAMEA3234602	VOPM_2-sc-2227966	EGAN00001264507	#N/A
EGAR00001336435	SAMEA3234604	CUAU_2-sc-2227967	EGAN00001264508	#N/A
EGAR00001336436	SAMEA3234606	FOCM_1-sc-2227968	EGAN00001264509	#N/A
EGAR00001336437	SAMEA3234608	CEHW_3-sc-2227969	EGAN00001264510	#N/A
EGAR00001336438	SAMEA3234610	FFDL_1-sc-2227970	EGAN00001264511	#N/A
EGAR00001336439	SAMEA3234612	RIIV_1-sc-2227971	EGAN00001264512	#N/A
EGAR00001336440	SAMEA3234614	PIUN_3_2-sc-2227972	EGAN00001264513	#N/A
EGAR00001336441	SAMEA3234616	DEBK_7-sc-2227973	EGAN00001264514	#N/A
EGAR00001336442	SAMEA3234618	BABK_2-sc-2227974	EGAN00001264515	#N/A
EGAR00001336443	SAMEA3234619	MEQO_3-sc-2227975	EGAN00001264516	#N/A
EGAR00001336444	SAMEA3234621	VORX_1_2-sc-2227976	EGAN00001264517	#N/A
EGAR00001336445	SAMEA3234623	KAKS_3-sc-2227977	EGAN00001264518	#N/A
EGAR00001336446	SAMEA3234625	ZUTA_1-sc-2227978	EGAN00001264519	#N/A
EGAR00001336447	SAMEA3234627	AUIM_2-sc-2227979	EGAN00001264520	#N/A
EGAR00001336416	SAMEA3234598	GIUO_4-sc-2227964	EGAN00001264505	#N/A
EGAR00001336417	SAMEA3234600	UOXZ_5-sc-2227965	EGAN00001264506	#N/A
EGAR00001336418	SAMEA3234602	VOPM_2-sc-2227966	EGAN00001264507	#N/A
EGAR00001336419	SAMEA3234604	CUAU_2-sc-2227967	EGAN00001264508	#N/A
EGAR00001336420	SAMEA3234606	FOCM_1-sc-2227968	EGAN00001264509	#N/A
EGAR00001336421	SAMEA3234608	CEHW_3-sc-2227969	EGAN00001264510	#N/A
EGAR00001336422	SAMEA3234610	FFDL_1-sc-2227970	EGAN00001264511	#N/A
EGAR00001336423	SAMEA3234612	RIIV_1-sc-2227971	EGAN00001264512	#N/A
EGAR00001336424	SAMEA3234614	PIUN_3_2-sc-2227972	EGAN00001264513	#N/A
EGAR00001336425	SAMEA3234616	DEBK_7-sc-2227973	EGAN00001264514	#N/A
EGAR00001336426	SAMEA3234618	BABK_2-sc-2227974	EGAN00001264515	#N/A
EGAR00001336427	SAMEA3234619	MEQO_3-sc-2227975	EGAN00001264516	#N/A
EGAR00001340483	SAMEA3234598	GIUO_4-sc-2227964	EGAN00001264505	#N/A
EGAR00001340484	SAMEA3234600	UOXZ_5-sc-2227965	EGAN00001264506	#N/A
EGAR00001340485	SAMEA3234602	VOPM_2-sc-2227966	EGAN00001264507	#N/A
EGAR00001340486	SAMEA3234604	CUAU_2-sc-2227967	EGAN00001264508	#N/A
EGAR00001340487	SAMEA3234606	FOCM_1-sc-2227968	EGAN00001264509	#N/A
EGAR00001340488	SAMEA3234608	CEHW_3-sc-2227969	EGAN00001264510	#N/A
EGAR00001340489	SAMEA3234610	FFDL_1-sc-2227970	EGAN00001264511	#N/A
EGAR00001340490	SAMEA3234612	RIIV_1-sc-2227971	EGAN00001264512	#N/A
EGAR00001340491	SAMEA3234614	PIUN_3_2-sc-2227972	EGAN00001264513	#N/A
EGAR00001340492	SAMEA3234616	DEBK_7-sc-2227973	EGAN00001264514	#N/A
EGAR00001340493	SAMEA3234618	BABK_2-sc-2227974	EGAN00001264515	#N/A
EGAR00001340494	SAMEA3234619	MEQO_3-sc-2227975	EGAN00001264516	#N/A
EGAR00001340495	SAMEA3234621	VORX_1_2-sc-2227976	EGAN00001264517	#N/A
EGAR00001340496	SAMEA3234623	KAKS_3-sc-2227977	EGAN00001264518	#N/A
EGAR00001340497	SAMEA3234625	ZUTA_1-sc-2227978	EGAN00001264519	#N/A
EGAR00001340498	SAMEA3234627	AUIM_2-sc-2227979	EGAN00001264520	#N/A
EGAR00001340499	SAMEA3234598	GIUO_4-sc-2227964	EGAN00001264505	#N/A
EGAR00001340500	SAMEA3234600	UOXZ_5-sc-2227965	EGAN00001264506	#N/A
EGAR00001340501	SAMEA3234602	VOPM_2-sc-2227966	EGAN00001264507	#N/A
EGAR00001340502	SAMEA3234604	CUAU_2-sc-2227967	EGAN00001264508	#N/A
EGAR00001340503	SAMEA3234606	FOCM_1-sc-2227968	EGAN00001264509	#N/A
EGAR00001340504	SAMEA3234608	CEHW_3-sc-2227969	EGAN00001264510	#N/A
EGAR00001340505	SAMEA3234610	FFDL_1-sc-2227970	EGAN00001264511	#N/A
EGAR00001340506	SAMEA3234612	RIIV_1-sc-2227971	EGAN00001264512	#N/A
EGAR00001340507	SAMEA3234614	PIUN_3_2-sc-2227972	EGAN00001264513	#N/A
EGAR00001340508	SAMEA3234616	DEBK_7-sc-2227973	EGAN00001264514	#N/A
EGAR00001340509	SAMEA3234618	BABK_2-sc-2227974	EGAN00001264515	#N/A
EGAR00001340510	SAMEA3234619	MEQO_3-sc-2227975	EGAN00001264516	#N/A
EGAR00001340511	SAMEA3234621	VORX_1_2-sc-2227976	EGAN00001264517	#N/A
EGAR00001340512	SAMEA3234623	KAKS_3-sc-2227977	EGAN00001264518	#N/A
EGAR00001340513	SAMEA3234625	ZUTA_1-sc-2227978	EGAN00001264519	#N/A
EGAR00001340514	SAMEA3234627	AUIM_2-sc-2227979	EGAN00001264520	#N/A
EGAR00001348610	SAMEA3392495	ipsNeurons6108338-sc-2298236	#N/A	EGAN00001277493
EGAR00001348611	SAMEA3392496	ipsNeurons6108339-sc-2298237	#N/A	EGAN00001277494
EGAR00001386763	SAMEA3476952	ipsNeurons6150204-sc-2344764	EGAN00001282115	#N/A
EGAR00001386764	SAMEA3476955	ipsNeurons6150205-sc-2344765	EGAN00001282116	#N/A
EGAR00001386765	SAMEA3476957	ipsNeurons6150206-sc-2344766	EGAN00001282117	#N/A
EGAR00001386766	SAMEA3476959	ipsNeurons6150207-sc-2344767	EGAN00001282118	#N/A
EGAR00001386767	SAMEA3476962	ipsNeurons6150208-sc-2344768	EGAN00001282119	#N/A
EGAR00001386768	SAMEA3476964	ipsNeurons6150209-sc-2344769	EGAN00001282120	#N/A
EGAR00001386769	SAMEA3476967	ipsNeurons6150210-sc-2344770	EGAN00001282121	#N/A
EGAR00001386770	SAMEA3476969	ipsNeurons6150211-sc-2344771	EGAN00001282122	#N/A
EGAR00001386771	SAMEA3476971	ipsNeurons6150212-sc-2344772	EGAN00001282123	#N/A
EGAR00001386772	SAMEA3476974	ipsNeurons6150213-sc-2344773	EGAN00001282124	#N/A
EGAR00001386721	SAMEA3476919	ipsNeurons6150190-sc-2344750	EGAN00001282101	#N/A
EGAR00001386722	SAMEA3476922	ipsNeurons6150191-sc-2344751	EGAN00001282102	#N/A
EGAR00001386723	SAMEA3476924	ipsNeurons6150192-sc-2344752	EGAN00001282103	#N/A
EGAR00001386724	SAMEA3476926	ipsNeurons6150193-sc-2344753	EGAN00001282104	#N/A
EGAR00001386725	SAMEA3476928	ipsNeurons6150194-sc-2344754	EGAN00001282105	#N/A
EGAR00001386726	SAMEA3476931	ipsNeurons6150195-sc-2344755	EGAN00001282106	#N/A
EGAR00001386727	SAMEA3476933	ipsNeurons6150196-sc-2344756	EGAN00001282107	#N/A
EGAR00001386728	SAMEA3476935	ipsNeurons6150197-sc-2344757	EGAN00001282108	#N/A
EGAR00001386729	SAMEA3476938	ipsNeurons6150198-sc-2344758	EGAN00001282109	#N/A
EGAR00001386730	SAMEA3476940	ipsNeurons6150199-sc-2344759	EGAN00001282110	#N/A
EGAR00001386731	SAMEA3476942	ipsNeurons6150200-sc-2344760	EGAN00001282111	#N/A
EGAR00001386732	SAMEA3476945	ipsNeurons6150201-sc-2344761	EGAN00001282112	#N/A
EGAR00001386733	SAMEA3476947	ipsNeurons6150202-sc-2344762	EGAN00001282113	#N/A
EGAR00001386734	SAMEA3476950	ipsNeurons6150203-sc-2344763	EGAN00001282114	#N/A
EGAR00001386735	SAMEA3476919	ipsNeurons6150190-sc-2344750	EGAN00001282101	#N/A
EGAR00001386736	SAMEA3476922	ipsNeurons6150191-sc-2344751	EGAN00001282102	#N/A
EGAR00001386737	SAMEA3476924	ipsNeurons6150192-sc-2344752	EGAN00001282103	#N/A
EGAR00001386738	SAMEA3476926	ipsNeurons6150193-sc-2344753	EGAN00001282104	#N/A
EGAR00001386739	SAMEA3476928	ipsNeurons6150194-sc-2344754	EGAN00001282105	#N/A
EGAR00001386740	SAMEA3476931	ipsNeurons6150195-sc-2344755	EGAN00001282106	#N/A
EGAR00001386741	SAMEA3476933	ipsNeurons6150196-sc-2344756	EGAN00001282107	#N/A
EGAR00001386742	SAMEA3476935	ipsNeurons6150197-sc-2344757	EGAN00001282108	#N/A
EGAR00001386743	SAMEA3476938	ipsNeurons6150198-sc-2344758	EGAN00001282109	#N/A
EGAR00001386744	SAMEA3476940	ipsNeurons6150199-sc-2344759	EGAN00001282110	#N/A
EGAR00001386745	SAMEA3476942	ipsNeurons6150200-sc-2344760	EGAN00001282111	#N/A
EGAR00001386746	SAMEA3476945	ipsNeurons6150201-sc-2344761	EGAN00001282112	#N/A
EGAR00001386747	SAMEA3476947	ipsNeurons6150202-sc-2344762	EGAN00001282113	#N/A
EGAR00001386748	SAMEA3476950	ipsNeurons6150203-sc-2344763	EGAN00001282114	#N/A
EGAR00001386749	SAMEA3476952	ipsNeurons6150204-sc-2344764	EGAN00001282115	#N/A
EGAR00001386750	SAMEA3476955	ipsNeurons6150205-sc-2344765	EGAN00001282116	#N/A
EGAR00001386751	SAMEA3476957	ipsNeurons6150206-sc-2344766	EGAN00001282117	#N/A
EGAR00001386752	SAMEA3476959	ipsNeurons6150207-sc-2344767	EGAN00001282118	#N/A
EGAR00001386753	SAMEA3476962	ipsNeurons6150208-sc-2344768	EGAN00001282119	#N/A
EGAR00001386754	SAMEA3476964	ipsNeurons6150209-sc-2344769	EGAN00001282120	#N/A
EGAR00001386755	SAMEA3476967	ipsNeurons6150210-sc-2344770	EGAN00001282121	#N/A
EGAR00001386756	SAMEA3476969	ipsNeurons6150211-sc-2344771	EGAN00001282122	#N/A
EGAR00001386757	SAMEA3476971	ipsNeurons6150212-sc-2344772	EGAN00001282123	#N/A
EGAR00001386758	SAMEA3476974	ipsNeurons6150213-sc-2344773	EGAN00001282124	#N/A
EGAR00001386759	SAMEA3476976	ipsNeurons6150214-sc-2344774	EGAN00001282125	#N/A
EGAR00001386760	SAMEA3476979	ipsNeurons6150215-sc-2344775	EGAN00001282126	#N/A
EGAR00001386761	SAMEA3476981	ipsNeurons6150216-sc-2344776	EGAN00001282127	#N/A
EGAR00001386762	SAMEA3476984	ipsNeurons6150217-sc-2344777	EGAN00001282128	#N/A
EGAR00001386773	SAMEA3476976	ipsNeurons6150214-sc-2344774	EGAN00001282125	#N/A
EGAR00001386774	SAMEA3476979	ipsNeurons6150215-sc-2344775	EGAN00001282126	#N/A
EGAR00001386775	SAMEA3476981	ipsNeurons6150216-sc-2344776	EGAN00001282127	#N/A
EGAR00001386776	SAMEA3476984	ipsNeurons6150217-sc-2344777	EGAN00001282128	#N/A
EGAR00001331681	SAMEA3234544	SUKZ_3-sc-2227936	EGAN00001264477	#N/A
EGAR00001331682	SAMEA3234546	VORX_1_1-sc-2227937	EGAN00001264478	#N/A
EGAR00001331683	SAMEA3234548	GAAB_2-sc-2227938	EGAN00001264479	#N/A
EGAR00001331684	SAMEA3234550	HIKJ_1-sc-2227939	EGAN00001264480	#N/A
EGAR00001331685	SAMEA3234552	EOJR_3_1-sc-2227940	EGAN00001264481	#N/A
EGAR00001331686	SAMEA3234554	IURX_3-sc-2227941	EGAN00001264482	#N/A
EGAR00001331687	SAMEA3234556	PIUN_3_1-sc-2227942	EGAN00001264483	#N/A
EGAR00001331688	SAMEA3234558	HULS_2-sc-2227943	EGAN00001264484	#N/A
EGAR00001331689	SAMEA3234560	YUZE_1_1-sc-2227944	EGAN00001264485	#N/A
EGAR00001331690	SAMEA3234562	YUZE_1_2-sc-2227945	EGAN00001264486	#N/A
EGAR00001331691	SAMEA3234564	EOJR_3-sc-2227946	EGAN00001264487	#N/A
EGAR00001331692	SAMEA3234532	XAVK_33-sc-2227930	EGAN00001264471	#N/A
EGAR00001331693	SAMEA3234534	OARZ_22-sc-2227931	EGAN00001264472	#N/A
EGAR00001331694	SAMEA3234536	AEHN_22-sc-2227932	EGAN00001264473	#N/A
EGAR00001331695	SAMEA3234538	TADM_4-sc-2227933	EGAN00001264474	#N/A
EGAR00001331696	SAMEA3234540	COXY_33-sc-2227934	EGAN00001264475	#N/A
EGAR00001331697	SAMEA3234542	DOVQ_33-sc-2227935	EGAN00001264476	#N/A
EGAR00001331698	SAMEA3234544	SUKZ_3-sc-2227936	EGAN00001264477	#N/A
EGAR00001331699	SAMEA3234546	VORX_1_1-sc-2227937	EGAN00001264478	#N/A
EGAR00001331700	SAMEA3234548	GAAB_2-sc-2227938	EGAN00001264479	#N/A
EGAR00001331701	SAMEA3234550	HIKJ_1-sc-2227939	EGAN00001264480	#N/A
EGAR00001331702	SAMEA3234552	EOJR_3_1-sc-2227940	EGAN00001264481	#N/A
EGAR00001331703	SAMEA3234554	IURX_3-sc-2227941	EGAN00001264482	#N/A
EGAR00001331704	SAMEA3234556	PIUN_3_1-sc-2227942	EGAN00001264483	#N/A
EGAR00001331705	SAMEA3234558	HULS_2-sc-2227943	EGAN00001264484	#N/A
EGAR00001331706	SAMEA3234560	YUZE_1_1-sc-2227944	EGAN00001264485	#N/A
EGAR00001331707	SAMEA3234562	YUZE_1_2-sc-2227945	EGAN00001264486	#N/A
EGAR00001331708	SAMEA3234564	EOJR_3-sc-2227946	EGAN00001264487	#N/A
EGAR00001331709	SAMEA3234566	PIUN_3-sc-2227947	EGAN00001264488	#N/A
EGAR00001331710	SAMEA3234568	IURX_3-sc-2227948	EGAN00001264489	#N/A
EGAR00001331711	SAMEA3234570	HULS_2-sc-2227949	EGAN00001264490	#N/A
EGAR00001331712	SAMEA3234571	IAKZ_1-sc-2227950	EGAN00001264491	#N/A
EGAR00001331713	SAMEA3234573	KOUN_2-sc-2227951	EGAN00001264492	#N/A
EGAR00001331714	SAMEA3234575	OOMZ_2_1-sc-2227952	EGAN00001264493	#N/A
EGAR00001331715	SAMEA3234577	OOMZ_2_2-sc-2227953	EGAN00001264494	#N/A
EGAR00001331716	SAMEA3234579	COXY_3-sc-2227954	EGAN00001264495	#N/A
EGAR00001331717	SAMEA3234581	XEKF_2-sc-2227955	EGAN00001264496	#N/A
EGAR00001331718	SAMEA3234583	FUNP_3_1-sc-2227956	EGAN00001264497	#N/A
EGAR00001331719	SAMEA3234585	FUNP_3_2-sc-2227957	EGAN00001264498	#N/A
EGAR00001331720	SAMEA3234587	YUZE_1_3-sc-2227958	EGAN00001264499	#N/A
EGAR00001331721	SAMEA3234589	YUZE_1_4-sc-2227959	EGAN00001264500	#N/A
EGAR00001331722	SAMEA3234591	AIRC_2-sc-2227960	EGAN00001264501	#N/A
EGAR00001331723	SAMEA3234592	GOLB_1-sc-2227961	EGAN00001264502	#N/A
EGAR00001331724	SAMEA3234594	OARZ_2-sc-2227962	EGAN00001264503	#N/A
EGAR00001331725	SAMEA3234596	FFDM_3-sc-2227963	EGAN00001264504	#N/A
EGAR00001331726	SAMEA3234566	PIUN_3-sc-2227947	EGAN00001264488	#N/A
EGAR00001331727	SAMEA3234568	IURX_3-sc-2227948	EGAN00001264489	#N/A
EGAR00001331728	SAMEA3234570	HULS_2-sc-2227949	EGAN00001264490	#N/A
EGAR00001331641	SAMEA3234532	XAVK_33-sc-2227930	EGAN00001264471	#N/A
EGAR00001331642	SAMEA3234534	OARZ_22-sc-2227931	EGAN00001264472	#N/A
EGAR00001331643	SAMEA3234536	AEHN_22-sc-2227932	EGAN00001264473	#N/A
EGAR00001331644	SAMEA3234538	TADM_4-sc-2227933	EGAN00001264474	#N/A
EGAR00001331729	SAMEA3234571	IAKZ_1-sc-2227950	EGAN00001264491	#N/A
EGAR00001331730	SAMEA3234573	KOUN_2-sc-2227951	EGAN00001264492	#N/A
EGAR00001331731	SAMEA3234575	OOMZ_2_1-sc-2227952	EGAN00001264493	#N/A
EGAR00001331732	SAMEA3234577	OOMZ_2_2-sc-2227953	EGAN00001264494	#N/A
EGAR00001331733	SAMEA3234579	COXY_3-sc-2227954	EGAN00001264495	#N/A
EGAR00001331734	SAMEA3234581	XEKF_2-sc-2227955	EGAN00001264496	#N/A
EGAR00001331735	SAMEA3234583	FUNP_3_1-sc-2227956	EGAN00001264497	#N/A
EGAR00001331736	SAMEA3234585	FUNP_3_2-sc-2227957	EGAN00001264498	#N/A
EGAR00001331737	SAMEA3234587	YUZE_1_3-sc-2227958	EGAN00001264499	#N/A
EGAR00001331738	SAMEA3234589	YUZE_1_4-sc-2227959	EGAN00001264500	#N/A
EGAR00001331739	SAMEA3234591	AIRC_2-sc-2227960	EGAN00001264501	#N/A
EGAR00001331740	SAMEA3234592	GOLB_1-sc-2227961	EGAN00001264502	#N/A
EGAR00001331645	SAMEA3234540	COXY_33-sc-2227934	EGAN00001264475	#N/A
EGAR00001331646	SAMEA3234542	DOVQ_33-sc-2227935	EGAN00001264476	#N/A
EGAR00001331647	SAMEA3234544	SUKZ_3-sc-2227936	EGAN00001264477	#N/A
EGAR00001331648	SAMEA3234546	VORX_1_1-sc-2227937	EGAN00001264478	#N/A
EGAR00001331649	SAMEA3234548	GAAB_2-sc-2227938	EGAN00001264479	#N/A
EGAR00001331650	SAMEA3234550	HIKJ_1-sc-2227939	EGAN00001264480	#N/A
EGAR00001331651	SAMEA3234552	EOJR_3_1-sc-2227940	EGAN00001264481	#N/A
EGAR00001331652	SAMEA3234554	IURX_3-sc-2227941	EGAN00001264482	#N/A
EGAR00001331653	SAMEA3234556	PIUN_3_1-sc-2227942	EGAN00001264483	#N/A
EGAR00001331654	SAMEA3234558	HULS_2-sc-2227943	EGAN00001264484	#N/A
EGAR00001331655	SAMEA3234560	YUZE_1_1-sc-2227944	EGAN00001264485	#N/A
EGAR00001331656	SAMEA3234562	YUZE_1_2-sc-2227945	EGAN00001264486	#N/A
EGAR00001331741	SAMEA3234594	OARZ_2-sc-2227962	EGAN00001264503	#N/A
EGAR00001331742	SAMEA3234596	FFDM_3-sc-2227963	EGAN00001264504	#N/A
EGAR00001331743	SAMEA3234566	PIUN_3-sc-2227947	EGAN00001264488	#N/A
EGAR00001331744	SAMEA3234568	IURX_3-sc-2227948	EGAN00001264489	#N/A
EGAR00001331745	SAMEA3234570	HULS_2-sc-2227949	EGAN00001264490	#N/A
EGAR00001331746	SAMEA3234571	IAKZ_1-sc-2227950	EGAN00001264491	#N/A
EGAR00001331747	SAMEA3234573	KOUN_2-sc-2227951	EGAN00001264492	#N/A
EGAR00001331748	SAMEA3234575	OOMZ_2_1-sc-2227952	EGAN00001264493	#N/A
EGAR00001331749	SAMEA3234577	OOMZ_2_2-sc-2227953	EGAN00001264494	#N/A
EGAR00001331750	SAMEA3234579	COXY_3-sc-2227954	EGAN00001264495	#N/A
EGAR00001331751	SAMEA3234581	XEKF_2-sc-2227955	EGAN00001264496	#N/A
EGAR00001331752	SAMEA3234583	FUNP_3_1-sc-2227956	EGAN00001264497	#N/A
EGAR00001331657	SAMEA3234564	EOJR_3-sc-2227946	EGAN00001264487	#N/A
EGAR00001331658	SAMEA3234532	XAVK_33-sc-2227930	EGAN00001264471	#N/A
EGAR00001331659	SAMEA3234534	OARZ_22-sc-2227931	EGAN00001264472	#N/A
EGAR00001331660	SAMEA3234536	AEHN_22-sc-2227932	EGAN00001264473	#N/A
EGAR00001331661	SAMEA3234538	TADM_4-sc-2227933	EGAN00001264474	#N/A
EGAR00001331662	SAMEA3234540	COXY_33-sc-2227934	EGAN00001264475	#N/A
EGAR00001331663	SAMEA3234542	DOVQ_33-sc-2227935	EGAN00001264476	#N/A
EGAR00001331664	SAMEA3234544	SUKZ_3-sc-2227936	EGAN00001264477	#N/A
EGAR00001331665	SAMEA3234546	VORX_1_1-sc-2227937	EGAN00001264478	#N/A
EGAR00001331666	SAMEA3234548	GAAB_2-sc-2227938	EGAN00001264479	#N/A
EGAR00001331667	SAMEA3234550	HIKJ_1-sc-2227939	EGAN00001264480	#N/A
EGAR00001331668	SAMEA3234552	EOJR_3_1-sc-2227940	EGAN00001264481	#N/A
EGAR00001331753	SAMEA3234585	FUNP_3_2-sc-2227957	EGAN00001264498	#N/A
EGAR00001331754	SAMEA3234587	YUZE_1_3-sc-2227958	EGAN00001264499	#N/A
EGAR00001331755	SAMEA3234589	YUZE_1_4-sc-2227959	EGAN00001264500	#N/A
EGAR00001331756	SAMEA3234591	AIRC_2-sc-2227960	EGAN00001264501	#N/A
EGAR00001331757	SAMEA3234592	GOLB_1-sc-2227961	EGAN00001264502	#N/A
EGAR00001331758	SAMEA3234594	OARZ_2-sc-2227962	EGAN00001264503	#N/A
EGAR00001331759	SAMEA3234596	FFDM_3-sc-2227963	EGAN00001264504	#N/A
EGAR00001331760	SAMEA3234566	PIUN_3-sc-2227947	EGAN00001264488	#N/A
EGAR00001331761	SAMEA3234568	IURX_3-sc-2227948	EGAN00001264489	#N/A
EGAR00001331762	SAMEA3234570	HULS_2-sc-2227949	EGAN00001264490	#N/A
EGAR00001331763	SAMEA3234571	IAKZ_1-sc-2227950	EGAN00001264491	#N/A
EGAR00001331764	SAMEA3234573	KOUN_2-sc-2227951	EGAN00001264492	#N/A
EGAR00001331669	SAMEA3234554	IURX_3-sc-2227941	EGAN00001264482	#N/A
EGAR00001331670	SAMEA3234556	PIUN_3_1-sc-2227942	EGAN00001264483	#N/A
EGAR00001331671	SAMEA3234558	HULS_2-sc-2227943	EGAN00001264484	#N/A
EGAR00001331672	SAMEA3234560	YUZE_1_1-sc-2227944	EGAN00001264485	#N/A
EGAR00001331673	SAMEA3234562	YUZE_1_2-sc-2227945	EGAN00001264486	#N/A
EGAR00001331674	SAMEA3234564	EOJR_3-sc-2227946	EGAN00001264487	#N/A
EGAR00001331675	SAMEA3234532	XAVK_33-sc-2227930	EGAN00001264471	#N/A
EGAR00001331676	SAMEA3234534	OARZ_22-sc-2227931	EGAN00001264472	#N/A
EGAR00001331677	SAMEA3234536	AEHN_22-sc-2227932	EGAN00001264473	#N/A
EGAR00001331678	SAMEA3234538	TADM_4-sc-2227933	EGAN00001264474	#N/A
EGAR00001331679	SAMEA3234540	COXY_33-sc-2227934	EGAN00001264475	#N/A
EGAR00001331680	SAMEA3234542	DOVQ_33-sc-2227935	EGAN00001264476	#N/A
EGAR00001331765	SAMEA3234575	OOMZ_2_1-sc-2227952	EGAN00001264493	#N/A
EGAR00001331766	SAMEA3234577	OOMZ_2_2-sc-2227953	EGAN00001264494	#N/A
EGAR00001331767	SAMEA3234579	COXY_3-sc-2227954	EGAN00001264495	#N/A
EGAR00001331768	SAMEA3234581	XEKF_2-sc-2227955	EGAN00001264496	#N/A
EGAR00001331769	SAMEA3234583	FUNP_3_1-sc-2227956	EGAN00001264497	#N/A
EGAR00001331770	SAMEA3234585	FUNP_3_2-sc-2227957	EGAN00001264498	#N/A
EGAR00001331771	SAMEA3234587	YUZE_1_3-sc-2227958	EGAN00001264499	#N/A
EGAR00001331772	SAMEA3234589	YUZE_1_4-sc-2227959	EGAN00001264500	#N/A
EGAR00001331773	SAMEA3234591	AIRC_2-sc-2227960	EGAN00001264501	#N/A
EGAR00001331774	SAMEA3234592	GOLB_1-sc-2227961	EGAN00001264502	#N/A
EGAR00001331775	SAMEA3234594	OARZ_2-sc-2227962	EGAN00001264503	#N/A
EGAR00001331776	SAMEA3234596	FFDM_3-sc-2227963	EGAN00001264504	#N/A
EGAR00001407426	SAMEA3864968	416c6630-5ba6-11e5-9fed-3c4a9275d6c6	EGAN00001364829	#N/A
EGAR00001407427	SAMEA3864975	417bf690-5ba6-11e5-9fed-3c4a9275d6c6	EGAN00001364836	#N/A
EGAR00001407428	SAMEA3864976	41823820-5ba6-11e5-9fed-3c4a9275d6c6	EGAN00001364837	#N/A
EGAR00001407429	SAMEA3864977	418bfc20-5ba6-11e5-9fed-3c4a9275d6c6	EGAN00001364838	#N/A
EGAR00001407430	SAMEA3864978	4196f8a0-5ba6-11e5-9fed-3c4a9275d6c6	EGAN00001364839	#N/A
EGAR00001407431	SAMEA3864979	42015330-5ba6-11e5-9fed-3c4a9275d6c6	EGAN00001364840	#N/A
EGAR00001407432	SAMEA3864980	420b1730-5ba6-11e5-9fed-3c4a9275d6c6	EGAN00001364841	#N/A
EGAR00001407433	SAMEA3864981	4212df60-5ba6-11e5-9fed-3c4a9275d6c6	EGAN00001364842	#N/A
EGAR00001407434	SAMEA3864982	421b43d0-5ba6-11e5-9fed-3c4a9275d6c6	EGAN00001364843	#N/A
EGAR00001407435	SAMEA3864969	4223a840-5ba6-11e5-9fed-3c4a9275d6c6	EGAN00001364830	#N/A
EGAR00001407436	SAMEA3864970	4229c2c0-5ba6-11e5-9fed-3c4a9275d6c6	EGAN00001364831	#N/A
EGAR00001407437	SAMEA3864971	422fdd40-5ba6-11e5-9fed-3c4a9275d6c6	EGAN00001364832	#N/A
EGAR00001407438	SAMEA3864972	42369400-5ba6-11e5-9fed-3c4a9275d6c6	EGAN00001364833	#N/A
EGAR00001407439	SAMEA3864973	423cfca0-5ba6-11e5-9fed-3c4a9275d6c6	EGAN00001364834	#N/A
EGAR00001407440	SAMEA3864974	4242f010-5ba6-11e5-9fed-3c4a9275d6c6	EGAN00001364835	#N/A
EGAR00001407441	SAMEA3864968	416c6630-5ba6-11e5-9fed-3c4a9275d6c6	EGAN00001364829	#N/A
EGAR00001407442	SAMEA3864975	417bf690-5ba6-11e5-9fed-3c4a9275d6c6	EGAN00001364836	#N/A
EGAR00001407443	SAMEA3864976	41823820-5ba6-11e5-9fed-3c4a9275d6c6	EGAN00001364837	#N/A
EGAR00001407444	SAMEA3864977	418bfc20-5ba6-11e5-9fed-3c4a9275d6c6	EGAN00001364838	#N/A
EGAR00001407445	SAMEA3864978	4196f8a0-5ba6-11e5-9fed-3c4a9275d6c6	EGAN00001364839	#N/A
EGAR00001407446	SAMEA3864979	42015330-5ba6-11e5-9fed-3c4a9275d6c6	EGAN00001364840	#N/A
EGAR00001407447	SAMEA3864980	420b1730-5ba6-11e5-9fed-3c4a9275d6c6	EGAN00001364841	#N/A
EGAR00001407448	SAMEA3864981	4212df60-5ba6-11e5-9fed-3c4a9275d6c6	EGAN00001364842	#N/A
EGAR00001407449	SAMEA3864982	421b43d0-5ba6-11e5-9fed-3c4a9275d6c6	EGAN00001364843	#N/A
EGAR00001407450	SAMEA3864969	4223a840-5ba6-11e5-9fed-3c4a9275d6c6	EGAN00001364830	#N/A
EGAR00001407451	SAMEA3864970	4229c2c0-5ba6-11e5-9fed-3c4a9275d6c6	EGAN00001364831	#N/A
EGAR00001407452	SAMEA3864971	422fdd40-5ba6-11e5-9fed-3c4a9275d6c6	EGAN00001364832	#N/A
EGAR00001407453	SAMEA3864972	42369400-5ba6-11e5-9fed-3c4a9275d6c6	EGAN00001364833	#N/A
EGAR00001407454	SAMEA3864973	423cfca0-5ba6-11e5-9fed-3c4a9275d6c6	EGAN00001364834	#N/A
EGAR00001407455	SAMEA3864974	4242f010-5ba6-11e5-9fed-3c4a9275d6c6	EGAN00001364835	#N/A
EGAR00001407456	SAMEA3864968	416c6630-5ba6-11e5-9fed-3c4a9275d6c6	EGAN00001364829	#N/A
EGAR00001407457	SAMEA3864975	417bf690-5ba6-11e5-9fed-3c4a9275d6c6	EGAN00001364836	#N/A
EGAR00001407458	SAMEA3864976	41823820-5ba6-11e5-9fed-3c4a9275d6c6	EGAN00001364837	#N/A
EGAR00001407459	SAMEA3864977	418bfc20-5ba6-11e5-9fed-3c4a9275d6c6	EGAN00001364838	#N/A
EGAR00001407460	SAMEA3864978	4196f8a0-5ba6-11e5-9fed-3c4a9275d6c6	EGAN00001364839	#N/A
EGAR00001404032	SAMEA3598190	wuye_2_N_ATAC-sc-2424517	#N/A	EGAN00001327759
EGAR00001404033	SAMEA3598191	feec_1_N_ATAC-sc-2424518	#N/A	EGAN00001327760
EGAR00001407461	SAMEA3864979	42015330-5ba6-11e5-9fed-3c4a9275d6c6	EGAN00001364840	#N/A
EGAR00001407462	SAMEA3864980	420b1730-5ba6-11e5-9fed-3c4a9275d6c6	EGAN00001364841	#N/A
EGAR00001407463	SAMEA3864981	4212df60-5ba6-11e5-9fed-3c4a9275d6c6	EGAN00001364842	#N/A
EGAR00001407464	SAMEA3864982	421b43d0-5ba6-11e5-9fed-3c4a9275d6c6	EGAN00001364843	#N/A
EGAR00001407465	SAMEA3864969	4223a840-5ba6-11e5-9fed-3c4a9275d6c6	EGAN00001364830	#N/A
EGAR00001407466	SAMEA3864970	4229c2c0-5ba6-11e5-9fed-3c4a9275d6c6	EGAN00001364831	#N/A
EGAR00001407467	SAMEA3864971	422fdd40-5ba6-11e5-9fed-3c4a9275d6c6	EGAN00001364832	#N/A
EGAR00001407468	SAMEA3864972	42369400-5ba6-11e5-9fed-3c4a9275d6c6	EGAN00001364833	#N/A
EGAR00001407469	SAMEA3864973	423cfca0-5ba6-11e5-9fed-3c4a9275d6c6	EGAN00001364834	#N/A
EGAR00001407470	SAMEA3864974	4242f010-5ba6-11e5-9fed-3c4a9275d6c6	EGAN00001364835	#N/A
EGAR00001404034	SAMEA3598192	kucg_1_N_ATAC-sc-2424519	#N/A	EGAN00001327761
EGAR00001404035	SAMEA3598193	hoik_1_N_ATAC-sc-2424520	#N/A	EGAN00001327762
EGAR00001404036	SAMEA3598194	qonc_2_N_ATAC-sc-2424521	#N/A	EGAN00001327763
EGAR00001404037	SAMEA3598195	hayt_1_N_ATAC-sc-2424522	#N/A	EGAN00001327764
EGAR00001404038	SAMEA3598177	rozh_5_N_ATAC-sc-2424504	#N/A	EGAN00001327746
EGAR00001404039	SAMEA3598176	fiau_1_N_ATAC-sc-2424503	#N/A	EGAN00001327745
EGAR00001404040	SAMEA3598178	xugn_1_N_ATAC-sc-2424505	#N/A	EGAN00001327747
EGAR00001404041	SAMEA3598179	kuxp_1_N_ATAC-sc-2424506	#N/A	EGAN00001327748
EGAR00001404042	SAMEA3598196	lise_1_N_ATAC-sc-2424523	#N/A	EGAN00001327765
EGAR00001404043	SAMEA3598180	nemb_1_N_ATAC-sc-2424507	#N/A	EGAN00001327749
EGAR00001404044	SAMEA3598181	vabj_3_N_ATAC-sc-2424508	#N/A	EGAN00001327750
EGAR00001404045	SAMEA3598182	eipl_1_N_ATAC-sc-2424509	#N/A	EGAN00001327751
EGAR00001404046	SAMEA3598183	febc_2_N_ATAC-sc-2424510	#N/A	EGAN00001327752
EGAR00001404047	SAMEA3598188	pelm_3_C_N_ATAC-sc-2424515	#N/A	EGAN00001327757
EGAR00001404048	SAMEA3598184	kehc_2_N_ATAC-sc-2424511	#N/A	EGAN00001327753
EGAR00001404049	SAMEA3598185	pamv_3_N_ATAC-sc-2424512	#N/A	EGAN00001327754
EGAR00001404050	SAMEA3598189	eiwy_1_N_ATAC-sc-2424516	#N/A	EGAN00001327758
EGAR00001404051	SAMEA3598187	podx_1_C_N_ATAC-sc-2424514	#N/A	EGAN00001327756
EGAR00001404052	SAMEA3598186	qony_1_N_ATAC-sc-2424513	#N/A	EGAN00001327755
EGAR00001434699	SAMEA3717998	7bd81760-9cd3-11e5-b71d-3c4a9275d6c6	EGAN00001357838	#N/A
EGAR00001434700	SAMEA3718000	7beab500-9cd3-11e5-b71d-3c4a9275d6c6	EGAN00001357839	#N/A
EGAR00001434701	SAMEA3718001	7bf0f690-9cd3-11e5-b71d-3c4a9275d6c6	EGAN00001357840	#N/A
EGAR00001434702	SAMEA3718002	7bf674d0-9cd3-11e5-b71d-3c4a9275d6c6	EGAN00001357841	#N/A
EGAR00001434703	SAMEA3718653	7bfc6840-9cd3-11e5-b71d-3c4a9275d6c6	EGAN00001357842	#N/A
EGAR00001434704	SAMEA3718658	7c05b710-9cd3-11e5-b71d-3c4a9275d6c6	EGAN00001357847	#N/A
EGAR00001434705	SAMEA3718654	7c134ba0-9cd3-11e5-b71d-3c4a9275d6c6	EGAN00001357843	#N/A
EGAR00001434706	SAMEA3718655	7c210740-9cd3-11e5-b71d-3c4a9275d6c6	EGAN00001357844	#N/A
EGAR00001434739	SAMEA3718669	7c880670-9cd3-11e5-b71d-3c4a9275d6c6	EGAN00001357856	#N/A
EGAR00001434740	SAMEA3718670	7c8e9620-9cd3-11e5-b71d-3c4a9275d6c6	EGAN00001357857	#N/A
EGAR00001434741	SAMEA3718671	7c959b00-9cd3-11e5-b71d-3c4a9275d6c6	EGAN00001357858	#N/A
EGAR00001434707	SAMEA3718656	7c2bdcb0-9cd3-11e5-b71d-3c4a9275d6c6	EGAN00001357845	#N/A
EGAR00001434708	SAMEA3718657	7c350470-9cd3-11e5-b71d-3c4a9275d6c6	EGAN00001357846	#N/A
EGAR00001434709	SAMEA3718661	7c3ea160-9cd3-11e5-b71d-3c4a9275d6c6	EGAN00001357848	#N/A
EGAR00001434710	SAMEA3718662	7c4d6e70-9cd3-11e5-b71d-3c4a9275d6c6	EGAN00001357849	#N/A
EGAR00001434711	SAMEA3718663	7c5584c0-9cd3-11e5-b71d-3c4a9275d6c6	EGAN00001357850	#N/A
EGAR00001434712	SAMEA3718664	7c5de930-9cd3-11e5-b71d-3c4a9275d6c6	EGAN00001357851	#N/A
EGAR00001434713	SAMEA3718665	7c66e9e0-9cd3-11e5-b71d-3c4a9275d6c6	EGAN00001357852	#N/A
EGAR00001434714	SAMEA3718666	7c6deec0-9cd3-11e5-b71d-3c4a9275d6c6	EGAN00001357853	#N/A
EGAR00001434715	SAMEA3718667	7c7b0e20-9cd3-11e5-b71d-3c4a9275d6c6	EGAN00001357854	#N/A
EGAR00001434716	SAMEA3718668	7c810190-9cd3-11e5-b71d-3c4a9275d6c6	EGAN00001357855	#N/A
EGAR00001434717	SAMEA3718669	7c880670-9cd3-11e5-b71d-3c4a9275d6c6	EGAN00001357856	#N/A
EGAR00001434718	SAMEA3718670	7c8e9620-9cd3-11e5-b71d-3c4a9275d6c6	EGAN00001357857	#N/A
EGAR00001434719	SAMEA3718671	7c959b00-9cd3-11e5-b71d-3c4a9275d6c6	EGAN00001357858	#N/A
EGAR00001434720	SAMEA3718672	7c9fad20-9cd3-11e5-b71d-3c4a9275d6c6	EGAN00001357859	#N/A
EGAR00001434721	SAMEA3717998	7bd81760-9cd3-11e5-b71d-3c4a9275d6c6	EGAN00001357838	#N/A
EGAR00001434722	SAMEA3718000	7beab500-9cd3-11e5-b71d-3c4a9275d6c6	EGAN00001357839	#N/A
EGAR00001434742	SAMEA3718672	7c9fad20-9cd3-11e5-b71d-3c4a9275d6c6	EGAN00001357859	#N/A
EGAR00001434743	SAMEA3717998	7bd81760-9cd3-11e5-b71d-3c4a9275d6c6	EGAN00001357838	#N/A
EGAR00001434744	SAMEA3718000	7beab500-9cd3-11e5-b71d-3c4a9275d6c6	EGAN00001357839	#N/A
EGAR00001434745	SAMEA3718001	7bf0f690-9cd3-11e5-b71d-3c4a9275d6c6	EGAN00001357840	#N/A
EGAR00001434746	SAMEA3718002	7bf674d0-9cd3-11e5-b71d-3c4a9275d6c6	EGAN00001357841	#N/A
EGAR00001434747	SAMEA3718653	7bfc6840-9cd3-11e5-b71d-3c4a9275d6c6	EGAN00001357842	#N/A
EGAR00001434748	SAMEA3718658	7c05b710-9cd3-11e5-b71d-3c4a9275d6c6	EGAN00001357847	#N/A
EGAR00001434749	SAMEA3718654	7c134ba0-9cd3-11e5-b71d-3c4a9275d6c6	EGAN00001357843	#N/A
EGAR00001434750	SAMEA3718655	7c210740-9cd3-11e5-b71d-3c4a9275d6c6	EGAN00001357844	#N/A
EGAR00001434751	SAMEA3718656	7c2bdcb0-9cd3-11e5-b71d-3c4a9275d6c6	EGAN00001357845	#N/A
EGAR00001434752	SAMEA3718657	7c350470-9cd3-11e5-b71d-3c4a9275d6c6	EGAN00001357846	#N/A
EGAR00001434753	SAMEA3718661	7c3ea160-9cd3-11e5-b71d-3c4a9275d6c6	EGAN00001357848	#N/A
EGAR00001434754	SAMEA3718662	7c4d6e70-9cd3-11e5-b71d-3c4a9275d6c6	EGAN00001357849	#N/A
EGAR00001434755	SAMEA3718663	7c5584c0-9cd3-11e5-b71d-3c4a9275d6c6	EGAN00001357850	#N/A
EGAR00001434756	SAMEA3718664	7c5de930-9cd3-11e5-b71d-3c4a9275d6c6	EGAN00001357851	#N/A
EGAR00001434757	SAMEA3718665	7c66e9e0-9cd3-11e5-b71d-3c4a9275d6c6	EGAN00001357852	#N/A
EGAR00001434723	SAMEA3718001	7bf0f690-9cd3-11e5-b71d-3c4a9275d6c6	EGAN00001357840	#N/A
EGAR00001434724	SAMEA3718002	7bf674d0-9cd3-11e5-b71d-3c4a9275d6c6	EGAN00001357841	#N/A
EGAR00001434725	SAMEA3718653	7bfc6840-9cd3-11e5-b71d-3c4a9275d6c6	EGAN00001357842	#N/A
EGAR00001434726	SAMEA3718658	7c05b710-9cd3-11e5-b71d-3c4a9275d6c6	EGAN00001357847	#N/A
EGAR00001434727	SAMEA3718654	7c134ba0-9cd3-11e5-b71d-3c4a9275d6c6	EGAN00001357843	#N/A
EGAR00001434728	SAMEA3718655	7c210740-9cd3-11e5-b71d-3c4a9275d6c6	EGAN00001357844	#N/A
EGAR00001434729	SAMEA3718656	7c2bdcb0-9cd3-11e5-b71d-3c4a9275d6c6	EGAN00001357845	#N/A
EGAR00001434730	SAMEA3718657	7c350470-9cd3-11e5-b71d-3c4a9275d6c6	EGAN00001357846	#N/A
EGAR00001434731	SAMEA3718661	7c3ea160-9cd3-11e5-b71d-3c4a9275d6c6	EGAN00001357848	#N/A
EGAR00001434732	SAMEA3718662	7c4d6e70-9cd3-11e5-b71d-3c4a9275d6c6	EGAN00001357849	#N/A
EGAR00001434733	SAMEA3718663	7c5584c0-9cd3-11e5-b71d-3c4a9275d6c6	EGAN00001357850	#N/A
EGAR00001434734	SAMEA3718664	7c5de930-9cd3-11e5-b71d-3c4a9275d6c6	EGAN00001357851	#N/A
EGAR00001434735	SAMEA3718665	7c66e9e0-9cd3-11e5-b71d-3c4a9275d6c6	EGAN00001357852	#N/A
EGAR00001434736	SAMEA3718666	7c6deec0-9cd3-11e5-b71d-3c4a9275d6c6	EGAN00001357853	#N/A
EGAR00001434737	SAMEA3718667	7c7b0e20-9cd3-11e5-b71d-3c4a9275d6c6	EGAN00001357854	#N/A
EGAR00001434738	SAMEA3718668	7c810190-9cd3-11e5-b71d-3c4a9275d6c6	EGAN00001357855	#N/A
EGAR00001434758	SAMEA3718666	7c6deec0-9cd3-11e5-b71d-3c4a9275d6c6	EGAN00001357853	#N/A
EGAR00001434759	SAMEA3718667	7c7b0e20-9cd3-11e5-b71d-3c4a9275d6c6	EGAN00001357854	#N/A
EGAR00001434760	SAMEA3718668	7c810190-9cd3-11e5-b71d-3c4a9275d6c6	EGAN00001357855	#N/A
EGAR00001434761	SAMEA3718669	7c880670-9cd3-11e5-b71d-3c4a9275d6c6	EGAN00001357856	#N/A
EGAR00001434762	SAMEA3718670	7c8e9620-9cd3-11e5-b71d-3c4a9275d6c6	EGAN00001357857	#N/A
EGAR00001434763	SAMEA3718671	7c959b00-9cd3-11e5-b71d-3c4a9275d6c6	EGAN00001357858	#N/A
EGAR00001434764	SAMEA3718672	7c9fad20-9cd3-11e5-b71d-3c4a9275d6c6	EGAN00001357859	#N/A
EGAR00001434765	SAMEA3717998	7bd81760-9cd3-11e5-b71d-3c4a9275d6c6	EGAN00001357838	#N/A
EGAR00001434766	SAMEA3718000	7beab500-9cd3-11e5-b71d-3c4a9275d6c6	EGAN00001357839	#N/A
EGAR00001434767	SAMEA3718001	7bf0f690-9cd3-11e5-b71d-3c4a9275d6c6	EGAN00001357840	#N/A
EGAR00001434768	SAMEA3718002	7bf674d0-9cd3-11e5-b71d-3c4a9275d6c6	EGAN00001357841	#N/A
EGAR00001434769	SAMEA3718653	7bfc6840-9cd3-11e5-b71d-3c4a9275d6c6	EGAN00001357842	#N/A
EGAR00001434770	SAMEA3718658	7c05b710-9cd3-11e5-b71d-3c4a9275d6c6	EGAN00001357847	#N/A
EGAR00001434771	SAMEA3718654	7c134ba0-9cd3-11e5-b71d-3c4a9275d6c6	EGAN00001357843	#N/A
EGAR00001434772	SAMEA3718655	7c210740-9cd3-11e5-b71d-3c4a9275d6c6	EGAN00001357844	#N/A
EGAR00001434773	SAMEA3718656	7c2bdcb0-9cd3-11e5-b71d-3c4a9275d6c6	EGAN00001357845	#N/A
EGAR00001434774	SAMEA3718657	7c350470-9cd3-11e5-b71d-3c4a9275d6c6	EGAN00001357846	#N/A
EGAR00001434775	SAMEA3718661	7c3ea160-9cd3-11e5-b71d-3c4a9275d6c6	EGAN00001357848	#N/A
EGAR00001434776	SAMEA3718662	7c4d6e70-9cd3-11e5-b71d-3c4a9275d6c6	EGAN00001357849	#N/A
EGAR00001434777	SAMEA3718663	7c5584c0-9cd3-11e5-b71d-3c4a9275d6c6	EGAN00001357850	#N/A
EGAR00001434778	SAMEA3718664	7c5de930-9cd3-11e5-b71d-3c4a9275d6c6	EGAN00001357851	#N/A
EGAR00001434779	SAMEA3718665	7c66e9e0-9cd3-11e5-b71d-3c4a9275d6c6	EGAN00001357852	#N/A
EGAR00001434780	SAMEA3718666	7c6deec0-9cd3-11e5-b71d-3c4a9275d6c6	EGAN00001357853	#N/A
EGAR00001434781	SAMEA3718667	7c7b0e20-9cd3-11e5-b71d-3c4a9275d6c6	EGAN00001357854	#N/A
EGAR00001434782	SAMEA3718668	7c810190-9cd3-11e5-b71d-3c4a9275d6c6	EGAN00001357855	#N/A
EGAR00001434783	SAMEA3718669	7c880670-9cd3-11e5-b71d-3c4a9275d6c6	EGAN00001357856	#N/A
EGAR00001434784	SAMEA3718670	7c8e9620-9cd3-11e5-b71d-3c4a9275d6c6	EGAN00001357857	#N/A
EGAR00001434785	SAMEA3718671	7c959b00-9cd3-11e5-b71d-3c4a9275d6c6	EGAN00001357858	#N/A
EGAR00001434786	SAMEA3718672	7c9fad20-9cd3-11e5-b71d-3c4a9275d6c6	EGAN00001357859	#N/A
EGAR00001436850	SAMEA3951451	13e913b0-9cd4-11e5-93f1-68b59976a382	#N/A	EGAN00001390892
EGAR00001436851	SAMEA3951452	13f41030-9cd4-11e5-93f1-68b59976a382	#N/A	EGAN00001390893
EGAR00001436852	SAMEA3951453	13f8cb20-9cd4-11e5-93f1-68b59976a382	#N/A	EGAN00001390894
EGAR00001436853	SAMEA3951454	13fd5f00-9cd4-11e5-93f1-68b59976a382	#N/A	EGAN00001390895
EGAR00001436854	SAMEA3951455	140219f0-9cd4-11e5-93f1-68b59976a382	#N/A	EGAN00001390896
EGAR00001436855	SAMEA3951456	1406add0-9cd4-11e5-93f1-68b59976a382	#N/A	EGAN00001390897
EGAR00001436856	SAMEA3951457	14297810-9cd4-11e5-93f1-68b59976a382	#N/A	EGAN00001390898
EGAR00001436857	SAMEA3951458	142e3300-9cd4-11e5-93f1-68b59976a382	#N/A	EGAN00001390899
EGAR00001440889	SAMEA3951451	13e913b0-9cd4-11e5-93f1-68b59976a382	#N/A	EGAN00001390892
EGAR00001440890	SAMEA3951452	13f41030-9cd4-11e5-93f1-68b59976a382	#N/A	EGAN00001390893
EGAR00001440891	SAMEA3951453	13f8cb20-9cd4-11e5-93f1-68b59976a382	#N/A	EGAN00001390894
EGAR00001440892	SAMEA3951454	13fd5f00-9cd4-11e5-93f1-68b59976a382	#N/A	EGAN00001390895
EGAR00001440893	SAMEA3951455	140219f0-9cd4-11e5-93f1-68b59976a382	#N/A	EGAN00001390896
EGAR00001440894	SAMEA3951456	1406add0-9cd4-11e5-93f1-68b59976a382	#N/A	EGAN00001390897
EGAR00001440895	SAMEA3951457	14297810-9cd4-11e5-93f1-68b59976a382	#N/A	EGAN00001390898
EGAR00001440896	SAMEA3951458	142e3300-9cd4-11e5-93f1-68b59976a382	#N/A	EGAN00001390899
EGAR00001440897	SAMEA3951451	13e913b0-9cd4-11e5-93f1-68b59976a382	#N/A	EGAN00001390892
EGAR00001440898	SAMEA3951452	13f41030-9cd4-11e5-93f1-68b59976a382	#N/A	EGAN00001390893
EGAR00001440899	SAMEA3951453	13f8cb20-9cd4-11e5-93f1-68b59976a382	#N/A	EGAN00001390894
EGAR00001440900	SAMEA3951454	13fd5f00-9cd4-11e5-93f1-68b59976a382	#N/A	EGAN00001390895
EGAR00001440901	SAMEA3951455	140219f0-9cd4-11e5-93f1-68b59976a382	#N/A	EGAN00001390896
EGAR00001440902	SAMEA3951456	1406add0-9cd4-11e5-93f1-68b59976a382	#N/A	EGAN00001390897
EGAR00001440903	SAMEA3951457	14297810-9cd4-11e5-93f1-68b59976a382	#N/A	EGAN00001390898
EGAR00001440904	SAMEA3951458	142e3300-9cd4-11e5-93f1-68b59976a382	#N/A	EGAN00001390899
EGAR00001440905	SAMEA3951451	13e913b0-9cd4-11e5-93f1-68b59976a382	#N/A	EGAN00001390892
EGAR00001440906	SAMEA3951452	13f41030-9cd4-11e5-93f1-68b59976a382	#N/A	EGAN00001390893
EGAR00001440907	SAMEA3951453	13f8cb20-9cd4-11e5-93f1-68b59976a382	#N/A	EGAN00001390894
EGAR00001440908	SAMEA3951454	13fd5f00-9cd4-11e5-93f1-68b59976a382	#N/A	EGAN00001390895
EGAR00001440909	SAMEA3951455	140219f0-9cd4-11e5-93f1-68b59976a382	#N/A	EGAN00001390896
EGAR00001440910	SAMEA3951456	1406add0-9cd4-11e5-93f1-68b59976a382	#N/A	EGAN00001390897
EGAR00001440911	SAMEA3951457	14297810-9cd4-11e5-93f1-68b59976a382	#N/A	EGAN00001390898
EGAR00001440912	SAMEA3951458	142e3300-9cd4-11e5-93f1-68b59976a382	#N/A	EGAN00001390899
EGAR00001440913	SAMEA3951451	13e913b0-9cd4-11e5-93f1-68b59976a382	#N/A	EGAN00001390892
EGAR00001440914	SAMEA3951452	13f41030-9cd4-11e5-93f1-68b59976a382	#N/A	EGAN00001390893
EGAR00001440915	SAMEA3951453	13f8cb20-9cd4-11e5-93f1-68b59976a382	#N/A	EGAN00001390894
EGAR00001440916	SAMEA3951454	13fd5f00-9cd4-11e5-93f1-68b59976a382	#N/A	EGAN00001390895
EGAR00001440917	SAMEA3951455	140219f0-9cd4-11e5-93f1-68b59976a382	#N/A	EGAN00001390896
EGAR00001440918	SAMEA3951456	1406add0-9cd4-11e5-93f1-68b59976a382	#N/A	EGAN00001390897
EGAR00001440919	SAMEA3951457	14297810-9cd4-11e5-93f1-68b59976a382	#N/A	EGAN00001390898
EGAR00001440920	SAMEA3951458	142e3300-9cd4-11e5-93f1-68b59976a382	#N/A	EGAN00001390899
