sample_id	fastq1_file	fastq2_file
SAMEA3234618	ERR1775541/ERR1775541_1.fastq.gz	ERR1775541/ERR1775541_2.fastq.gz
SAMEA3234618	ERR1775542/ERR1775542_1.fastq.gz	ERR1775542/ERR1775542_2.fastq.gz
SAMEA3234618	ERR1775543/ERR1775543_1.fastq.gz	ERR1775543/ERR1775543_2.fastq.gz
SAMEA3234618	ERR1775544/ERR1775544_1.fastq.gz	ERR1775544/ERR1775544_2.fastq.gz
SAMEA3476922	ERR1775322/ERR1775322_1.fastq.gz	ERR1775322/ERR1775322_2.fastq.gz
SAMEA3476922	ERR1775545/ERR1775545_1.fastq.gz	ERR1775545/ERR1775545_2.fastq.gz
SAMEA3476922	ERR1775551/ERR1775551_1.fastq.gz	ERR1775551/ERR1775551_2.fastq.gz
SAMEA3476924	ERR1775546/ERR1775546_1.fastq.gz	ERR1775546/ERR1775546_2.fastq.gz
SAMEA3476924	ERR1775552/ERR1775552_1.fastq.gz	ERR1775552/ERR1775552_2.fastq.gz
SAMEA3476935	ERR1775547/ERR1775547_1.fastq.gz	ERR1775547/ERR1775547_2.fastq.gz
SAMEA3476935	ERR1775553/ERR1775553_1.fastq.gz	ERR1775553/ERR1775553_2.fastq.gz
SAMEA3476942	ERR1775548/ERR1775548_1.fastq.gz	ERR1775548/ERR1775548_2.fastq.gz
SAMEA3476942	ERR1775554/ERR1775554_1.fastq.gz	ERR1775554/ERR1775554_2.fastq.gz
SAMEA3476945	ERR1775549/ERR1775549_1.fastq.gz	ERR1775549/ERR1775549_2.fastq.gz
SAMEA3476945	ERR1775555/ERR1775555_1.fastq.gz	ERR1775555/ERR1775555_2.fastq.gz
SAMEA3476950	ERR1775550/ERR1775550_1.fastq.gz	ERR1775550/ERR1775550_2.fastq.gz
SAMEA3476950	ERR1775556/ERR1775556_1.fastq.gz	ERR1775556/ERR1775556_2.fastq.gz
SAMEA3476967	ERR1775557/ERR1775557_1.fastq.gz	ERR1775557/ERR1775557_2.fastq.gz
SAMEA3476967	ERR1775562/ERR1775562_1.fastq.gz	ERR1775562/ERR1775562_2.fastq.gz
SAMEA3476969	ERR1775558/ERR1775558_1.fastq.gz	ERR1775558/ERR1775558_2.fastq.gz
SAMEA3476969	ERR1775563/ERR1775563_1.fastq.gz	ERR1775563/ERR1775563_2.fastq.gz
SAMEA3476974	ERR1775559/ERR1775559_1.fastq.gz	ERR1775559/ERR1775559_2.fastq.gz
SAMEA3476974	ERR1775564/ERR1775564_1.fastq.gz	ERR1775564/ERR1775564_2.fastq.gz
SAMEA3476976	ERR1775560/ERR1775560_1.fastq.gz	ERR1775560/ERR1775560_2.fastq.gz
SAMEA3476976	ERR1775565/ERR1775565_1.fastq.gz	ERR1775565/ERR1775565_2.fastq.gz
SAMEA3476984	ERR1775561/ERR1775561_1.fastq.gz	ERR1775561/ERR1775561_2.fastq.gz
SAMEA3476984	ERR1775566/ERR1775566_1.fastq.gz	ERR1775566/ERR1775566_2.fastq.gz
SAMEA3717998	ERR1775326/ERR1775326_1.fastq.gz	ERR1775326/ERR1775326_2.fastq.gz
SAMEA3717998	ERR1775344/ERR1775344_1.fastq.gz	ERR1775344/ERR1775344_2.fastq.gz
SAMEA3717998	ERR1775362/ERR1775362_1.fastq.gz	ERR1775362/ERR1775362_2.fastq.gz
SAMEA3717998	ERR1775380/ERR1775380_1.fastq.gz	ERR1775380/ERR1775380_2.fastq.gz
SAMEA3717998	ERR1775398/ERR1775398_1.fastq.gz	ERR1775398/ERR1775398_2.fastq.gz
SAMEA3717998	ERR1775416/ERR1775416_1.fastq.gz	ERR1775416/ERR1775416_2.fastq.gz
SAMEA3717998	ERR1775434/ERR1775434_1.fastq.gz	ERR1775434/ERR1775434_2.fastq.gz
SAMEA3717998	ERR1775452/ERR1775452_1.fastq.gz	ERR1775452/ERR1775452_2.fastq.gz
SAMEA3717998	ERR1775470/ERR1775470_1.fastq.gz	ERR1775470/ERR1775470_2.fastq.gz
SAMEA3717998	ERR1775488/ERR1775488_1.fastq.gz	ERR1775488/ERR1775488_2.fastq.gz
SAMEA3717998	ERR1775506/ERR1775506_1.fastq.gz	ERR1775506/ERR1775506_2.fastq.gz
SAMEA3717998	ERR1775645/ERR1775645_1.fastq.gz	ERR1775645/ERR1775645_2.fastq.gz
SAMEA3717998	ERR1775658/ERR1775658_1.fastq.gz	ERR1775658/ERR1775658_2.fastq.gz
SAMEA3717998	ERR1775671/ERR1775671_1.fastq.gz	ERR1775671/ERR1775671_2.fastq.gz
SAMEA3717998	ERR1775684/ERR1775684_1.fastq.gz	ERR1775684/ERR1775684_2.fastq.gz
SAMEA3718000	ERR1775328/ERR1775328_1.fastq.gz	ERR1775328/ERR1775328_2.fastq.gz
SAMEA3718000	ERR1775346/ERR1775346_1.fastq.gz	ERR1775346/ERR1775346_2.fastq.gz
SAMEA3718000	ERR1775364/ERR1775364_1.fastq.gz	ERR1775364/ERR1775364_2.fastq.gz
SAMEA3718000	ERR1775382/ERR1775382_1.fastq.gz	ERR1775382/ERR1775382_2.fastq.gz
SAMEA3718000	ERR1775400/ERR1775400_1.fastq.gz	ERR1775400/ERR1775400_2.fastq.gz
SAMEA3718000	ERR1775418/ERR1775418_1.fastq.gz	ERR1775418/ERR1775418_2.fastq.gz
SAMEA3718000	ERR1775436/ERR1775436_1.fastq.gz	ERR1775436/ERR1775436_2.fastq.gz
SAMEA3718000	ERR1775454/ERR1775454_1.fastq.gz	ERR1775454/ERR1775454_2.fastq.gz
SAMEA3718000	ERR1775472/ERR1775472_1.fastq.gz	ERR1775472/ERR1775472_2.fastq.gz
SAMEA3718000	ERR1775490/ERR1775490_1.fastq.gz	ERR1775490/ERR1775490_2.fastq.gz
SAMEA3718000	ERR1775508/ERR1775508_1.fastq.gz	ERR1775508/ERR1775508_2.fastq.gz
SAMEA3718000	ERR1775646/ERR1775646_1.fastq.gz	ERR1775646/ERR1775646_2.fastq.gz
SAMEA3718000	ERR1775659/ERR1775659_1.fastq.gz	ERR1775659/ERR1775659_2.fastq.gz
SAMEA3718000	ERR1775672/ERR1775672_1.fastq.gz	ERR1775672/ERR1775672_2.fastq.gz
SAMEA3718000	ERR1775685/ERR1775685_1.fastq.gz	ERR1775685/ERR1775685_2.fastq.gz
SAMEA3718001	ERR1775333/ERR1775333_1.fastq.gz	ERR1775333/ERR1775333_2.fastq.gz
SAMEA3718001	ERR1775351/ERR1775351_1.fastq.gz	ERR1775351/ERR1775351_2.fastq.gz
SAMEA3718001	ERR1775369/ERR1775369_1.fastq.gz	ERR1775369/ERR1775369_2.fastq.gz
SAMEA3718001	ERR1775387/ERR1775387_1.fastq.gz	ERR1775387/ERR1775387_2.fastq.gz
SAMEA3718001	ERR1775405/ERR1775405_1.fastq.gz	ERR1775405/ERR1775405_2.fastq.gz
SAMEA3718001	ERR1775423/ERR1775423_1.fastq.gz	ERR1775423/ERR1775423_2.fastq.gz
SAMEA3718001	ERR1775441/ERR1775441_1.fastq.gz	ERR1775441/ERR1775441_2.fastq.gz
SAMEA3718001	ERR1775459/ERR1775459_1.fastq.gz	ERR1775459/ERR1775459_2.fastq.gz
SAMEA3718001	ERR1775477/ERR1775477_1.fastq.gz	ERR1775477/ERR1775477_2.fastq.gz
SAMEA3718001	ERR1775495/ERR1775495_1.fastq.gz	ERR1775495/ERR1775495_2.fastq.gz
SAMEA3718001	ERR1775513/ERR1775513_1.fastq.gz	ERR1775513/ERR1775513_2.fastq.gz
SAMEA3718001	ERR1775647/ERR1775647_1.fastq.gz	ERR1775647/ERR1775647_2.fastq.gz
SAMEA3718001	ERR1775660/ERR1775660_1.fastq.gz	ERR1775660/ERR1775660_2.fastq.gz
SAMEA3718001	ERR1775673/ERR1775673_1.fastq.gz	ERR1775673/ERR1775673_2.fastq.gz
SAMEA3718001	ERR1775686/ERR1775686_1.fastq.gz	ERR1775686/ERR1775686_2.fastq.gz
SAMEA3718002	ERR1775327/ERR1775327_1.fastq.gz	ERR1775327/ERR1775327_2.fastq.gz
SAMEA3718002	ERR1775345/ERR1775345_1.fastq.gz	ERR1775345/ERR1775345_2.fastq.gz
SAMEA3718002	ERR1775363/ERR1775363_1.fastq.gz	ERR1775363/ERR1775363_2.fastq.gz
SAMEA3718002	ERR1775381/ERR1775381_1.fastq.gz	ERR1775381/ERR1775381_2.fastq.gz
SAMEA3718002	ERR1775399/ERR1775399_1.fastq.gz	ERR1775399/ERR1775399_2.fastq.gz
SAMEA3718002	ERR1775417/ERR1775417_1.fastq.gz	ERR1775417/ERR1775417_2.fastq.gz
SAMEA3718002	ERR1775435/ERR1775435_1.fastq.gz	ERR1775435/ERR1775435_2.fastq.gz
SAMEA3718002	ERR1775453/ERR1775453_1.fastq.gz	ERR1775453/ERR1775453_2.fastq.gz
SAMEA3718002	ERR1775471/ERR1775471_1.fastq.gz	ERR1775471/ERR1775471_2.fastq.gz
SAMEA3718002	ERR1775489/ERR1775489_1.fastq.gz	ERR1775489/ERR1775489_2.fastq.gz
SAMEA3718002	ERR1775507/ERR1775507_1.fastq.gz	ERR1775507/ERR1775507_2.fastq.gz
SAMEA3718002	ERR1775648/ERR1775648_1.fastq.gz	ERR1775648/ERR1775648_2.fastq.gz
SAMEA3718002	ERR1775661/ERR1775661_1.fastq.gz	ERR1775661/ERR1775661_2.fastq.gz
SAMEA3718002	ERR1775674/ERR1775674_1.fastq.gz	ERR1775674/ERR1775674_2.fastq.gz
SAMEA3718002	ERR1775687/ERR1775687_1.fastq.gz	ERR1775687/ERR1775687_2.fastq.gz
SAMEA3718653	ERR1775523/ERR1775523_1.fastq.gz	ERR1775523/ERR1775523_2.fastq.gz
SAMEA3718653	ERR1775527/ERR1775527_1.fastq.gz	ERR1775527/ERR1775527_2.fastq.gz
SAMEA3718653	ERR1775531/ERR1775531_1.fastq.gz	ERR1775531/ERR1775531_2.fastq.gz
SAMEA3718653	ERR1775535/ERR1775535_1.fastq.gz	ERR1775535/ERR1775535_2.fastq.gz
SAMEA3718653	ERR1775539/ERR1775539_1.fastq.gz	ERR1775539/ERR1775539_2.fastq.gz
SAMEA3718653	ERR1775649/ERR1775649_1.fastq.gz	ERR1775649/ERR1775649_2.fastq.gz
SAMEA3718653	ERR1775662/ERR1775662_1.fastq.gz	ERR1775662/ERR1775662_2.fastq.gz
SAMEA3718653	ERR1775675/ERR1775675_1.fastq.gz	ERR1775675/ERR1775675_2.fastq.gz
SAMEA3718653	ERR1775688/ERR1775688_1.fastq.gz	ERR1775688/ERR1775688_2.fastq.gz
SAMEA3718654	ERR1775521/ERR1775521_1.fastq.gz	ERR1775521/ERR1775521_2.fastq.gz
SAMEA3718654	ERR1775525/ERR1775525_1.fastq.gz	ERR1775525/ERR1775525_2.fastq.gz
SAMEA3718654	ERR1775529/ERR1775529_1.fastq.gz	ERR1775529/ERR1775529_2.fastq.gz
SAMEA3718654	ERR1775533/ERR1775533_1.fastq.gz	ERR1775533/ERR1775533_2.fastq.gz
SAMEA3718654	ERR1775537/ERR1775537_1.fastq.gz	ERR1775537/ERR1775537_2.fastq.gz
SAMEA3718654	ERR1775651/ERR1775651_1.fastq.gz	ERR1775651/ERR1775651_2.fastq.gz
SAMEA3718654	ERR1775664/ERR1775664_1.fastq.gz	ERR1775664/ERR1775664_2.fastq.gz
SAMEA3718654	ERR1775677/ERR1775677_1.fastq.gz	ERR1775677/ERR1775677_2.fastq.gz
SAMEA3718654	ERR1775690/ERR1775690_1.fastq.gz	ERR1775690/ERR1775690_2.fastq.gz
SAMEA3718656	ERR1775652/ERR1775652_1.fastq.gz	ERR1775652/ERR1775652_2.fastq.gz
SAMEA3718656	ERR1775665/ERR1775665_1.fastq.gz	ERR1775665/ERR1775665_2.fastq.gz
SAMEA3718656	ERR1775678/ERR1775678_1.fastq.gz	ERR1775678/ERR1775678_2.fastq.gz
SAMEA3718656	ERR1775691/ERR1775691_1.fastq.gz	ERR1775691/ERR1775691_2.fastq.gz
SAMEA3718658	ERR1775522/ERR1775522_1.fastq.gz	ERR1775522/ERR1775522_2.fastq.gz
SAMEA3718658	ERR1775526/ERR1775526_1.fastq.gz	ERR1775526/ERR1775526_2.fastq.gz
SAMEA3718658	ERR1775530/ERR1775530_1.fastq.gz	ERR1775530/ERR1775530_2.fastq.gz
SAMEA3718658	ERR1775534/ERR1775534_1.fastq.gz	ERR1775534/ERR1775534_2.fastq.gz
SAMEA3718658	ERR1775538/ERR1775538_1.fastq.gz	ERR1775538/ERR1775538_2.fastq.gz
SAMEA3718658	ERR1775650/ERR1775650_1.fastq.gz	ERR1775650/ERR1775650_2.fastq.gz
SAMEA3718658	ERR1775663/ERR1775663_1.fastq.gz	ERR1775663/ERR1775663_2.fastq.gz
SAMEA3718658	ERR1775676/ERR1775676_1.fastq.gz	ERR1775676/ERR1775676_2.fastq.gz
SAMEA3718658	ERR1775689/ERR1775689_1.fastq.gz	ERR1775689/ERR1775689_2.fastq.gz
SAMEA3718661	ERR1775653/ERR1775653_1.fastq.gz	ERR1775653/ERR1775653_2.fastq.gz
SAMEA3718661	ERR1775666/ERR1775666_1.fastq.gz	ERR1775666/ERR1775666_2.fastq.gz
SAMEA3718661	ERR1775679/ERR1775679_1.fastq.gz	ERR1775679/ERR1775679_2.fastq.gz
SAMEA3718661	ERR1775692/ERR1775692_1.fastq.gz	ERR1775692/ERR1775692_2.fastq.gz
SAMEA3718662	ERR1775524/ERR1775524_1.fastq.gz	ERR1775524/ERR1775524_2.fastq.gz
SAMEA3718662	ERR1775528/ERR1775528_1.fastq.gz	ERR1775528/ERR1775528_2.fastq.gz
SAMEA3718662	ERR1775532/ERR1775532_1.fastq.gz	ERR1775532/ERR1775532_2.fastq.gz
SAMEA3718662	ERR1775536/ERR1775536_1.fastq.gz	ERR1775536/ERR1775536_2.fastq.gz
SAMEA3718662	ERR1775540/ERR1775540_1.fastq.gz	ERR1775540/ERR1775540_2.fastq.gz
SAMEA3718662	ERR1775654/ERR1775654_1.fastq.gz	ERR1775654/ERR1775654_2.fastq.gz
SAMEA3718662	ERR1775667/ERR1775667_1.fastq.gz	ERR1775667/ERR1775667_2.fastq.gz
SAMEA3718662	ERR1775680/ERR1775680_1.fastq.gz	ERR1775680/ERR1775680_2.fastq.gz
SAMEA3718662	ERR1775693/ERR1775693_1.fastq.gz	ERR1775693/ERR1775693_2.fastq.gz
SAMEA3718665	ERR1775655/ERR1775655_1.fastq.gz	ERR1775655/ERR1775655_2.fastq.gz
SAMEA3718665	ERR1775668/ERR1775668_1.fastq.gz	ERR1775668/ERR1775668_2.fastq.gz
SAMEA3718665	ERR1775681/ERR1775681_1.fastq.gz	ERR1775681/ERR1775681_2.fastq.gz
SAMEA3718665	ERR1775694/ERR1775694_1.fastq.gz	ERR1775694/ERR1775694_2.fastq.gz
SAMEA3718666	ERR1775656/ERR1775656_1.fastq.gz	ERR1775656/ERR1775656_2.fastq.gz
SAMEA3718666	ERR1775669/ERR1775669_1.fastq.gz	ERR1775669/ERR1775669_2.fastq.gz
SAMEA3718666	ERR1775682/ERR1775682_1.fastq.gz	ERR1775682/ERR1775682_2.fastq.gz
SAMEA3718666	ERR1775695/ERR1775695_1.fastq.gz	ERR1775695/ERR1775695_2.fastq.gz
SAMEA3718672	ERR1775657/ERR1775657_1.fastq.gz	ERR1775657/ERR1775657_2.fastq.gz
SAMEA3718672	ERR1775670/ERR1775670_1.fastq.gz	ERR1775670/ERR1775670_2.fastq.gz
SAMEA3718672	ERR1775683/ERR1775683_1.fastq.gz	ERR1775683/ERR1775683_2.fastq.gz
SAMEA3718672	ERR1775696/ERR1775696_1.fastq.gz	ERR1775696/ERR1775696_2.fastq.gz
SAMEA3864969	ERR1775332/ERR1775332_1.fastq.gz	ERR1775332/ERR1775332_2.fastq.gz
SAMEA3864969	ERR1775350/ERR1775350_1.fastq.gz	ERR1775350/ERR1775350_2.fastq.gz
SAMEA3864969	ERR1775368/ERR1775368_1.fastq.gz	ERR1775368/ERR1775368_2.fastq.gz
SAMEA3864969	ERR1775386/ERR1775386_1.fastq.gz	ERR1775386/ERR1775386_2.fastq.gz
SAMEA3864969	ERR1775404/ERR1775404_1.fastq.gz	ERR1775404/ERR1775404_2.fastq.gz
SAMEA3864969	ERR1775422/ERR1775422_1.fastq.gz	ERR1775422/ERR1775422_2.fastq.gz
SAMEA3864969	ERR1775440/ERR1775440_1.fastq.gz	ERR1775440/ERR1775440_2.fastq.gz
SAMEA3864969	ERR1775458/ERR1775458_1.fastq.gz	ERR1775458/ERR1775458_2.fastq.gz
SAMEA3864969	ERR1775476/ERR1775476_1.fastq.gz	ERR1775476/ERR1775476_2.fastq.gz
SAMEA3864969	ERR1775494/ERR1775494_1.fastq.gz	ERR1775494/ERR1775494_2.fastq.gz
SAMEA3864969	ERR1775512/ERR1775512_1.fastq.gz	ERR1775512/ERR1775512_2.fastq.gz
SAMEA3864969	ERR1775574/ERR1775574_1.fastq.gz	ERR1775574/ERR1775574_2.fastq.gz
SAMEA3864969	ERR1775586/ERR1775586_1.fastq.gz	ERR1775586/ERR1775586_2.fastq.gz
SAMEA3864969	ERR1775598/ERR1775598_1.fastq.gz	ERR1775598/ERR1775598_2.fastq.gz
SAMEA3864970	ERR1775575/ERR1775575_1.fastq.gz	ERR1775575/ERR1775575_2.fastq.gz
SAMEA3864970	ERR1775587/ERR1775587_1.fastq.gz	ERR1775587/ERR1775587_2.fastq.gz
SAMEA3864970	ERR1775599/ERR1775599_1.fastq.gz	ERR1775599/ERR1775599_2.fastq.gz
SAMEA3864971	ERR1775335/ERR1775335_1.fastq.gz	ERR1775335/ERR1775335_2.fastq.gz
SAMEA3864971	ERR1775353/ERR1775353_1.fastq.gz	ERR1775353/ERR1775353_2.fastq.gz
SAMEA3864971	ERR1775371/ERR1775371_1.fastq.gz	ERR1775371/ERR1775371_2.fastq.gz
SAMEA3864971	ERR1775389/ERR1775389_1.fastq.gz	ERR1775389/ERR1775389_2.fastq.gz
SAMEA3864971	ERR1775407/ERR1775407_1.fastq.gz	ERR1775407/ERR1775407_2.fastq.gz
SAMEA3864971	ERR1775425/ERR1775425_1.fastq.gz	ERR1775425/ERR1775425_2.fastq.gz
SAMEA3864971	ERR1775443/ERR1775443_1.fastq.gz	ERR1775443/ERR1775443_2.fastq.gz
SAMEA3864971	ERR1775461/ERR1775461_1.fastq.gz	ERR1775461/ERR1775461_2.fastq.gz
SAMEA3864971	ERR1775479/ERR1775479_1.fastq.gz	ERR1775479/ERR1775479_2.fastq.gz
SAMEA3864971	ERR1775497/ERR1775497_1.fastq.gz	ERR1775497/ERR1775497_2.fastq.gz
SAMEA3864971	ERR1775515/ERR1775515_1.fastq.gz	ERR1775515/ERR1775515_2.fastq.gz
SAMEA3864971	ERR1775576/ERR1775576_1.fastq.gz	ERR1775576/ERR1775576_2.fastq.gz
SAMEA3864971	ERR1775588/ERR1775588_1.fastq.gz	ERR1775588/ERR1775588_2.fastq.gz
SAMEA3864971	ERR1775600/ERR1775600_1.fastq.gz	ERR1775600/ERR1775600_2.fastq.gz
SAMEA3864972	ERR1775334/ERR1775334_1.fastq.gz	ERR1775334/ERR1775334_2.fastq.gz
SAMEA3864972	ERR1775352/ERR1775352_1.fastq.gz	ERR1775352/ERR1775352_2.fastq.gz
SAMEA3864972	ERR1775370/ERR1775370_1.fastq.gz	ERR1775370/ERR1775370_2.fastq.gz
SAMEA3864972	ERR1775388/ERR1775388_1.fastq.gz	ERR1775388/ERR1775388_2.fastq.gz
SAMEA3864972	ERR1775406/ERR1775406_1.fastq.gz	ERR1775406/ERR1775406_2.fastq.gz
SAMEA3864972	ERR1775424/ERR1775424_1.fastq.gz	ERR1775424/ERR1775424_2.fastq.gz
SAMEA3864972	ERR1775442/ERR1775442_1.fastq.gz	ERR1775442/ERR1775442_2.fastq.gz
SAMEA3864972	ERR1775460/ERR1775460_1.fastq.gz	ERR1775460/ERR1775460_2.fastq.gz
SAMEA3864972	ERR1775478/ERR1775478_1.fastq.gz	ERR1775478/ERR1775478_2.fastq.gz
SAMEA3864972	ERR1775496/ERR1775496_1.fastq.gz	ERR1775496/ERR1775496_2.fastq.gz
SAMEA3864972	ERR1775514/ERR1775514_1.fastq.gz	ERR1775514/ERR1775514_2.fastq.gz
SAMEA3864972	ERR1775577/ERR1775577_1.fastq.gz	ERR1775577/ERR1775577_2.fastq.gz
SAMEA3864972	ERR1775589/ERR1775589_1.fastq.gz	ERR1775589/ERR1775589_2.fastq.gz
SAMEA3864972	ERR1775601/ERR1775601_1.fastq.gz	ERR1775601/ERR1775601_2.fastq.gz
SAMEA3864973	ERR1775578/ERR1775578_1.fastq.gz	ERR1775578/ERR1775578_2.fastq.gz
SAMEA3864973	ERR1775590/ERR1775590_1.fastq.gz	ERR1775590/ERR1775590_2.fastq.gz
SAMEA3864973	ERR1775602/ERR1775602_1.fastq.gz	ERR1775602/ERR1775602_2.fastq.gz
SAMEA3864975	ERR1775567/ERR1775567_1.fastq.gz	ERR1775567/ERR1775567_2.fastq.gz
SAMEA3864975	ERR1775579/ERR1775579_1.fastq.gz	ERR1775579/ERR1775579_2.fastq.gz
SAMEA3864975	ERR1775591/ERR1775591_1.fastq.gz	ERR1775591/ERR1775591_2.fastq.gz
SAMEA3864976	ERR1775568/ERR1775568_1.fastq.gz	ERR1775568/ERR1775568_2.fastq.gz
SAMEA3864976	ERR1775580/ERR1775580_1.fastq.gz	ERR1775580/ERR1775580_2.fastq.gz
SAMEA3864976	ERR1775592/ERR1775592_1.fastq.gz	ERR1775592/ERR1775592_2.fastq.gz
SAMEA3864978	ERR1775569/ERR1775569_1.fastq.gz	ERR1775569/ERR1775569_2.fastq.gz
SAMEA3864978	ERR1775581/ERR1775581_1.fastq.gz	ERR1775581/ERR1775581_2.fastq.gz
SAMEA3864978	ERR1775593/ERR1775593_1.fastq.gz	ERR1775593/ERR1775593_2.fastq.gz
SAMEA3864979	ERR1775330/ERR1775330_1.fastq.gz	ERR1775330/ERR1775330_2.fastq.gz
SAMEA3864979	ERR1775348/ERR1775348_1.fastq.gz	ERR1775348/ERR1775348_2.fastq.gz
SAMEA3864979	ERR1775366/ERR1775366_1.fastq.gz	ERR1775366/ERR1775366_2.fastq.gz
SAMEA3864979	ERR1775384/ERR1775384_1.fastq.gz	ERR1775384/ERR1775384_2.fastq.gz
SAMEA3864979	ERR1775402/ERR1775402_1.fastq.gz	ERR1775402/ERR1775402_2.fastq.gz
SAMEA3864979	ERR1775420/ERR1775420_1.fastq.gz	ERR1775420/ERR1775420_2.fastq.gz
SAMEA3864979	ERR1775438/ERR1775438_1.fastq.gz	ERR1775438/ERR1775438_2.fastq.gz
SAMEA3864979	ERR1775456/ERR1775456_1.fastq.gz	ERR1775456/ERR1775456_2.fastq.gz
SAMEA3864979	ERR1775474/ERR1775474_1.fastq.gz	ERR1775474/ERR1775474_2.fastq.gz
SAMEA3864979	ERR1775492/ERR1775492_1.fastq.gz	ERR1775492/ERR1775492_2.fastq.gz
SAMEA3864979	ERR1775510/ERR1775510_1.fastq.gz	ERR1775510/ERR1775510_2.fastq.gz
SAMEA3864979	ERR1775570/ERR1775570_1.fastq.gz	ERR1775570/ERR1775570_2.fastq.gz
SAMEA3864979	ERR1775582/ERR1775582_1.fastq.gz	ERR1775582/ERR1775582_2.fastq.gz
SAMEA3864979	ERR1775594/ERR1775594_1.fastq.gz	ERR1775594/ERR1775594_2.fastq.gz
SAMEA3864980	ERR1775329/ERR1775329_1.fastq.gz	ERR1775329/ERR1775329_2.fastq.gz
SAMEA3864980	ERR1775347/ERR1775347_1.fastq.gz	ERR1775347/ERR1775347_2.fastq.gz
SAMEA3864980	ERR1775365/ERR1775365_1.fastq.gz	ERR1775365/ERR1775365_2.fastq.gz
SAMEA3864980	ERR1775383/ERR1775383_1.fastq.gz	ERR1775383/ERR1775383_2.fastq.gz
SAMEA3864980	ERR1775401/ERR1775401_1.fastq.gz	ERR1775401/ERR1775401_2.fastq.gz
SAMEA3864980	ERR1775419/ERR1775419_1.fastq.gz	ERR1775419/ERR1775419_2.fastq.gz
SAMEA3864980	ERR1775437/ERR1775437_1.fastq.gz	ERR1775437/ERR1775437_2.fastq.gz
SAMEA3864980	ERR1775455/ERR1775455_1.fastq.gz	ERR1775455/ERR1775455_2.fastq.gz
SAMEA3864980	ERR1775473/ERR1775473_1.fastq.gz	ERR1775473/ERR1775473_2.fastq.gz
SAMEA3864980	ERR1775491/ERR1775491_1.fastq.gz	ERR1775491/ERR1775491_2.fastq.gz
SAMEA3864980	ERR1775509/ERR1775509_1.fastq.gz	ERR1775509/ERR1775509_2.fastq.gz
SAMEA3864980	ERR1775571/ERR1775571_1.fastq.gz	ERR1775571/ERR1775571_2.fastq.gz
SAMEA3864980	ERR1775583/ERR1775583_1.fastq.gz	ERR1775583/ERR1775583_2.fastq.gz
SAMEA3864980	ERR1775595/ERR1775595_1.fastq.gz	ERR1775595/ERR1775595_2.fastq.gz
SAMEA3864981	ERR1775331/ERR1775331_1.fastq.gz	ERR1775331/ERR1775331_2.fastq.gz
SAMEA3864981	ERR1775349/ERR1775349_1.fastq.gz	ERR1775349/ERR1775349_2.fastq.gz
SAMEA3864981	ERR1775367/ERR1775367_1.fastq.gz	ERR1775367/ERR1775367_2.fastq.gz
SAMEA3864981	ERR1775385/ERR1775385_1.fastq.gz	ERR1775385/ERR1775385_2.fastq.gz
SAMEA3864981	ERR1775403/ERR1775403_1.fastq.gz	ERR1775403/ERR1775403_2.fastq.gz
SAMEA3864981	ERR1775421/ERR1775421_1.fastq.gz	ERR1775421/ERR1775421_2.fastq.gz
SAMEA3864981	ERR1775439/ERR1775439_1.fastq.gz	ERR1775439/ERR1775439_2.fastq.gz
SAMEA3864981	ERR1775457/ERR1775457_1.fastq.gz	ERR1775457/ERR1775457_2.fastq.gz
SAMEA3864981	ERR1775475/ERR1775475_1.fastq.gz	ERR1775475/ERR1775475_2.fastq.gz
SAMEA3864981	ERR1775493/ERR1775493_1.fastq.gz	ERR1775493/ERR1775493_2.fastq.gz
SAMEA3864981	ERR1775511/ERR1775511_1.fastq.gz	ERR1775511/ERR1775511_2.fastq.gz
SAMEA3864981	ERR1775572/ERR1775572_1.fastq.gz	ERR1775572/ERR1775572_2.fastq.gz
SAMEA3864981	ERR1775584/ERR1775584_1.fastq.gz	ERR1775584/ERR1775584_2.fastq.gz
SAMEA3864981	ERR1775596/ERR1775596_1.fastq.gz	ERR1775596/ERR1775596_2.fastq.gz
SAMEA3864982	ERR1775573/ERR1775573_1.fastq.gz	ERR1775573/ERR1775573_2.fastq.gz
SAMEA3864982	ERR1775585/ERR1775585_1.fastq.gz	ERR1775585/ERR1775585_2.fastq.gz
SAMEA3864982	ERR1775597/ERR1775597_1.fastq.gz	ERR1775597/ERR1775597_2.fastq.gz
SAMEA3864984	ERR1775339/ERR1775339_1.fastq.gz	ERR1775339/ERR1775339_2.fastq.gz
SAMEA3864984	ERR1775357/ERR1775357_1.fastq.gz	ERR1775357/ERR1775357_2.fastq.gz
SAMEA3864984	ERR1775375/ERR1775375_1.fastq.gz	ERR1775375/ERR1775375_2.fastq.gz
SAMEA3864984	ERR1775393/ERR1775393_1.fastq.gz	ERR1775393/ERR1775393_2.fastq.gz
SAMEA3864984	ERR1775411/ERR1775411_1.fastq.gz	ERR1775411/ERR1775411_2.fastq.gz
SAMEA3864984	ERR1775429/ERR1775429_1.fastq.gz	ERR1775429/ERR1775429_2.fastq.gz
SAMEA3864984	ERR1775447/ERR1775447_1.fastq.gz	ERR1775447/ERR1775447_2.fastq.gz
SAMEA3864984	ERR1775465/ERR1775465_1.fastq.gz	ERR1775465/ERR1775465_2.fastq.gz
SAMEA3864984	ERR1775483/ERR1775483_1.fastq.gz	ERR1775483/ERR1775483_2.fastq.gz
SAMEA3864984	ERR1775501/ERR1775501_1.fastq.gz	ERR1775501/ERR1775501_2.fastq.gz
SAMEA3864984	ERR1775519/ERR1775519_1.fastq.gz	ERR1775519/ERR1775519_2.fastq.gz
SAMEA3864984	ERR1775610/ERR1775610_1.fastq.gz	ERR1775610/ERR1775610_2.fastq.gz
SAMEA3864984	ERR1775624/ERR1775624_1.fastq.gz	ERR1775624/ERR1775624_2.fastq.gz
SAMEA3864984	ERR1775638/ERR1775638_1.fastq.gz	ERR1775638/ERR1775638_2.fastq.gz
SAMEA3864985	ERR1775611/ERR1775611_1.fastq.gz	ERR1775611/ERR1775611_2.fastq.gz
SAMEA3864985	ERR1775625/ERR1775625_1.fastq.gz	ERR1775625/ERR1775625_2.fastq.gz
SAMEA3864985	ERR1775639/ERR1775639_1.fastq.gz	ERR1775639/ERR1775639_2.fastq.gz
SAMEA3864986	ERR1775323/ERR1775323_1.fastq.gz	ERR1775323/ERR1775323_2.fastq.gz
SAMEA3864986	ERR1775341/ERR1775341_1.fastq.gz	ERR1775341/ERR1775341_2.fastq.gz
SAMEA3864986	ERR1775359/ERR1775359_1.fastq.gz	ERR1775359/ERR1775359_2.fastq.gz
SAMEA3864986	ERR1775377/ERR1775377_1.fastq.gz	ERR1775377/ERR1775377_2.fastq.gz
SAMEA3864986	ERR1775395/ERR1775395_1.fastq.gz	ERR1775395/ERR1775395_2.fastq.gz
SAMEA3864986	ERR1775413/ERR1775413_1.fastq.gz	ERR1775413/ERR1775413_2.fastq.gz
SAMEA3864986	ERR1775431/ERR1775431_1.fastq.gz	ERR1775431/ERR1775431_2.fastq.gz
SAMEA3864986	ERR1775449/ERR1775449_1.fastq.gz	ERR1775449/ERR1775449_2.fastq.gz
SAMEA3864986	ERR1775467/ERR1775467_1.fastq.gz	ERR1775467/ERR1775467_2.fastq.gz
SAMEA3864986	ERR1775485/ERR1775485_1.fastq.gz	ERR1775485/ERR1775485_2.fastq.gz
SAMEA3864986	ERR1775503/ERR1775503_1.fastq.gz	ERR1775503/ERR1775503_2.fastq.gz
SAMEA3864986	ERR1775612/ERR1775612_1.fastq.gz	ERR1775612/ERR1775612_2.fastq.gz
SAMEA3864986	ERR1775626/ERR1775626_1.fastq.gz	ERR1775626/ERR1775626_2.fastq.gz
SAMEA3864986	ERR1775640/ERR1775640_1.fastq.gz	ERR1775640/ERR1775640_2.fastq.gz
SAMEA3864987	ERR1775336/ERR1775336_1.fastq.gz	ERR1775336/ERR1775336_2.fastq.gz
SAMEA3864987	ERR1775354/ERR1775354_1.fastq.gz	ERR1775354/ERR1775354_2.fastq.gz
SAMEA3864987	ERR1775372/ERR1775372_1.fastq.gz	ERR1775372/ERR1775372_2.fastq.gz
SAMEA3864987	ERR1775390/ERR1775390_1.fastq.gz	ERR1775390/ERR1775390_2.fastq.gz
SAMEA3864987	ERR1775408/ERR1775408_1.fastq.gz	ERR1775408/ERR1775408_2.fastq.gz
SAMEA3864987	ERR1775426/ERR1775426_1.fastq.gz	ERR1775426/ERR1775426_2.fastq.gz
SAMEA3864987	ERR1775444/ERR1775444_1.fastq.gz	ERR1775444/ERR1775444_2.fastq.gz
SAMEA3864987	ERR1775462/ERR1775462_1.fastq.gz	ERR1775462/ERR1775462_2.fastq.gz
SAMEA3864987	ERR1775480/ERR1775480_1.fastq.gz	ERR1775480/ERR1775480_2.fastq.gz
SAMEA3864987	ERR1775498/ERR1775498_1.fastq.gz	ERR1775498/ERR1775498_2.fastq.gz
SAMEA3864987	ERR1775516/ERR1775516_1.fastq.gz	ERR1775516/ERR1775516_2.fastq.gz
SAMEA3864987	ERR1775613/ERR1775613_1.fastq.gz	ERR1775613/ERR1775613_2.fastq.gz
SAMEA3864987	ERR1775627/ERR1775627_1.fastq.gz	ERR1775627/ERR1775627_2.fastq.gz
SAMEA3864987	ERR1775641/ERR1775641_1.fastq.gz	ERR1775641/ERR1775641_2.fastq.gz
SAMEA3864988	ERR1775614/ERR1775614_1.fastq.gz	ERR1775614/ERR1775614_2.fastq.gz
SAMEA3864988	ERR1775628/ERR1775628_1.fastq.gz	ERR1775628/ERR1775628_2.fastq.gz
SAMEA3864988	ERR1775642/ERR1775642_1.fastq.gz	ERR1775642/ERR1775642_2.fastq.gz
SAMEA3864989	ERR1775325/ERR1775325_1.fastq.gz	ERR1775325/ERR1775325_2.fastq.gz
SAMEA3864989	ERR1775343/ERR1775343_1.fastq.gz	ERR1775343/ERR1775343_2.fastq.gz
SAMEA3864989	ERR1775361/ERR1775361_1.fastq.gz	ERR1775361/ERR1775361_2.fastq.gz
SAMEA3864989	ERR1775379/ERR1775379_1.fastq.gz	ERR1775379/ERR1775379_2.fastq.gz
SAMEA3864989	ERR1775397/ERR1775397_1.fastq.gz	ERR1775397/ERR1775397_2.fastq.gz
SAMEA3864989	ERR1775415/ERR1775415_1.fastq.gz	ERR1775415/ERR1775415_2.fastq.gz
SAMEA3864989	ERR1775433/ERR1775433_1.fastq.gz	ERR1775433/ERR1775433_2.fastq.gz
SAMEA3864989	ERR1775451/ERR1775451_1.fastq.gz	ERR1775451/ERR1775451_2.fastq.gz
SAMEA3864989	ERR1775469/ERR1775469_1.fastq.gz	ERR1775469/ERR1775469_2.fastq.gz
SAMEA3864989	ERR1775487/ERR1775487_1.fastq.gz	ERR1775487/ERR1775487_2.fastq.gz
SAMEA3864989	ERR1775505/ERR1775505_1.fastq.gz	ERR1775505/ERR1775505_2.fastq.gz
SAMEA3864989	ERR1775615/ERR1775615_1.fastq.gz	ERR1775615/ERR1775615_2.fastq.gz
SAMEA3864989	ERR1775629/ERR1775629_1.fastq.gz	ERR1775629/ERR1775629_2.fastq.gz
SAMEA3864989	ERR1775643/ERR1775643_1.fastq.gz	ERR1775643/ERR1775643_2.fastq.gz
SAMEA3864990	ERR1775324/ERR1775324_1.fastq.gz	ERR1775324/ERR1775324_2.fastq.gz
SAMEA3864990	ERR1775342/ERR1775342_1.fastq.gz	ERR1775342/ERR1775342_2.fastq.gz
SAMEA3864990	ERR1775360/ERR1775360_1.fastq.gz	ERR1775360/ERR1775360_2.fastq.gz
SAMEA3864990	ERR1775378/ERR1775378_1.fastq.gz	ERR1775378/ERR1775378_2.fastq.gz
SAMEA3864990	ERR1775396/ERR1775396_1.fastq.gz	ERR1775396/ERR1775396_2.fastq.gz
SAMEA3864990	ERR1775414/ERR1775414_1.fastq.gz	ERR1775414/ERR1775414_2.fastq.gz
SAMEA3864990	ERR1775432/ERR1775432_1.fastq.gz	ERR1775432/ERR1775432_2.fastq.gz
SAMEA3864990	ERR1775450/ERR1775450_1.fastq.gz	ERR1775450/ERR1775450_2.fastq.gz
SAMEA3864990	ERR1775468/ERR1775468_1.fastq.gz	ERR1775468/ERR1775468_2.fastq.gz
SAMEA3864990	ERR1775486/ERR1775486_1.fastq.gz	ERR1775486/ERR1775486_2.fastq.gz
SAMEA3864990	ERR1775504/ERR1775504_1.fastq.gz	ERR1775504/ERR1775504_2.fastq.gz
SAMEA3864990	ERR1775616/ERR1775616_1.fastq.gz	ERR1775616/ERR1775616_2.fastq.gz
SAMEA3864990	ERR1775630/ERR1775630_1.fastq.gz	ERR1775630/ERR1775630_2.fastq.gz
SAMEA3864990	ERR1775644/ERR1775644_1.fastq.gz	ERR1775644/ERR1775644_2.fastq.gz
SAMEA3864991	ERR1775340/ERR1775340_1.fastq.gz	ERR1775340/ERR1775340_2.fastq.gz
SAMEA3864991	ERR1775358/ERR1775358_1.fastq.gz	ERR1775358/ERR1775358_2.fastq.gz
SAMEA3864991	ERR1775376/ERR1775376_1.fastq.gz	ERR1775376/ERR1775376_2.fastq.gz
SAMEA3864991	ERR1775394/ERR1775394_1.fastq.gz	ERR1775394/ERR1775394_2.fastq.gz
SAMEA3864991	ERR1775412/ERR1775412_1.fastq.gz	ERR1775412/ERR1775412_2.fastq.gz
SAMEA3864991	ERR1775430/ERR1775430_1.fastq.gz	ERR1775430/ERR1775430_2.fastq.gz
SAMEA3864991	ERR1775448/ERR1775448_1.fastq.gz	ERR1775448/ERR1775448_2.fastq.gz
SAMEA3864991	ERR1775466/ERR1775466_1.fastq.gz	ERR1775466/ERR1775466_2.fastq.gz
SAMEA3864991	ERR1775484/ERR1775484_1.fastq.gz	ERR1775484/ERR1775484_2.fastq.gz
SAMEA3864991	ERR1775502/ERR1775502_1.fastq.gz	ERR1775502/ERR1775502_2.fastq.gz
SAMEA3864991	ERR1775520/ERR1775520_1.fastq.gz	ERR1775520/ERR1775520_2.fastq.gz
SAMEA3864991	ERR1775603/ERR1775603_1.fastq.gz	ERR1775603/ERR1775603_2.fastq.gz
SAMEA3864991	ERR1775617/ERR1775617_1.fastq.gz	ERR1775617/ERR1775617_2.fastq.gz
SAMEA3864991	ERR1775631/ERR1775631_1.fastq.gz	ERR1775631/ERR1775631_2.fastq.gz
SAMEA3864992	ERR1775604/ERR1775604_1.fastq.gz	ERR1775604/ERR1775604_2.fastq.gz
SAMEA3864992	ERR1775618/ERR1775618_1.fastq.gz	ERR1775618/ERR1775618_2.fastq.gz
SAMEA3864992	ERR1775632/ERR1775632_1.fastq.gz	ERR1775632/ERR1775632_2.fastq.gz
SAMEA3864993	ERR1775605/ERR1775605_1.fastq.gz	ERR1775605/ERR1775605_2.fastq.gz
SAMEA3864993	ERR1775619/ERR1775619_1.fastq.gz	ERR1775619/ERR1775619_2.fastq.gz
SAMEA3864993	ERR1775633/ERR1775633_1.fastq.gz	ERR1775633/ERR1775633_2.fastq.gz
SAMEA3864994	ERR1775338/ERR1775338_1.fastq.gz	ERR1775338/ERR1775338_2.fastq.gz
SAMEA3864994	ERR1775356/ERR1775356_1.fastq.gz	ERR1775356/ERR1775356_2.fastq.gz
SAMEA3864994	ERR1775374/ERR1775374_1.fastq.gz	ERR1775374/ERR1775374_2.fastq.gz
SAMEA3864994	ERR1775392/ERR1775392_1.fastq.gz	ERR1775392/ERR1775392_2.fastq.gz
SAMEA3864994	ERR1775410/ERR1775410_1.fastq.gz	ERR1775410/ERR1775410_2.fastq.gz
SAMEA3864994	ERR1775428/ERR1775428_1.fastq.gz	ERR1775428/ERR1775428_2.fastq.gz
SAMEA3864994	ERR1775446/ERR1775446_1.fastq.gz	ERR1775446/ERR1775446_2.fastq.gz
SAMEA3864994	ERR1775464/ERR1775464_1.fastq.gz	ERR1775464/ERR1775464_2.fastq.gz
SAMEA3864994	ERR1775482/ERR1775482_1.fastq.gz	ERR1775482/ERR1775482_2.fastq.gz
SAMEA3864994	ERR1775500/ERR1775500_1.fastq.gz	ERR1775500/ERR1775500_2.fastq.gz
SAMEA3864994	ERR1775518/ERR1775518_1.fastq.gz	ERR1775518/ERR1775518_2.fastq.gz
SAMEA3864994	ERR1775606/ERR1775606_1.fastq.gz	ERR1775606/ERR1775606_2.fastq.gz
SAMEA3864994	ERR1775620/ERR1775620_1.fastq.gz	ERR1775620/ERR1775620_2.fastq.gz
SAMEA3864994	ERR1775634/ERR1775634_1.fastq.gz	ERR1775634/ERR1775634_2.fastq.gz
SAMEA3864995	ERR1775607/ERR1775607_1.fastq.gz	ERR1775607/ERR1775607_2.fastq.gz
SAMEA3864995	ERR1775621/ERR1775621_1.fastq.gz	ERR1775621/ERR1775621_2.fastq.gz
SAMEA3864995	ERR1775635/ERR1775635_1.fastq.gz	ERR1775635/ERR1775635_2.fastq.gz
SAMEA3864996	ERR1775608/ERR1775608_1.fastq.gz	ERR1775608/ERR1775608_2.fastq.gz
SAMEA3864996	ERR1775622/ERR1775622_1.fastq.gz	ERR1775622/ERR1775622_2.fastq.gz
SAMEA3864996	ERR1775636/ERR1775636_1.fastq.gz	ERR1775636/ERR1775636_2.fastq.gz
SAMEA3864998	ERR1775337/ERR1775337_1.fastq.gz	ERR1775337/ERR1775337_2.fastq.gz
SAMEA3864998	ERR1775355/ERR1775355_1.fastq.gz	ERR1775355/ERR1775355_2.fastq.gz
SAMEA3864998	ERR1775373/ERR1775373_1.fastq.gz	ERR1775373/ERR1775373_2.fastq.gz
SAMEA3864998	ERR1775391/ERR1775391_1.fastq.gz	ERR1775391/ERR1775391_2.fastq.gz
SAMEA3864998	ERR1775409/ERR1775409_1.fastq.gz	ERR1775409/ERR1775409_2.fastq.gz
SAMEA3864998	ERR1775427/ERR1775427_1.fastq.gz	ERR1775427/ERR1775427_2.fastq.gz
SAMEA3864998	ERR1775445/ERR1775445_1.fastq.gz	ERR1775445/ERR1775445_2.fastq.gz
SAMEA3864998	ERR1775463/ERR1775463_1.fastq.gz	ERR1775463/ERR1775463_2.fastq.gz
SAMEA3864998	ERR1775481/ERR1775481_1.fastq.gz	ERR1775481/ERR1775481_2.fastq.gz
SAMEA3864998	ERR1775499/ERR1775499_1.fastq.gz	ERR1775499/ERR1775499_2.fastq.gz
SAMEA3864998	ERR1775517/ERR1775517_1.fastq.gz	ERR1775517/ERR1775517_2.fastq.gz
SAMEA3864998	ERR1775609/ERR1775609_1.fastq.gz	ERR1775609/ERR1775609_2.fastq.gz
SAMEA3864998	ERR1775623/ERR1775623_1.fastq.gz	ERR1775623/ERR1775623_2.fastq.gz
SAMEA3864998	ERR1775637/ERR1775637_1.fastq.gz	ERR1775637/ERR1775637_2.fastq.gz
