sample_id(HipSci_cellline_id)	fastq1_file	fastq2_file
SAMEA103884170	ERR2039377/ERR2039377_1.fastq.gz	ERR2039377/ERR2039377_2.fastq.gz
SAMEA103884170	ERR2039380/ERR2039380_1.fastq.gz	ERR2039380/ERR2039380_2.fastq.gz
SAMEA103884673	ERR2039376/ERR2039376_1.fastq.gz	ERR2039376/ERR2039376_2.fastq.gz
SAMEA103884673	ERR2039379/ERR2039379_1.fastq.gz	ERR2039379/ERR2039379_2.fastq.gz
SAMEA103884675	ERR2039375/ERR2039375_1.fastq.gz	ERR2039375/ERR2039375_2.fastq.gz
SAMEA103884675	ERR2039378/ERR2039378_1.fastq.gz	ERR2039378/ERR2039378_2.fastq.gz
SAMEA103884677	ERR2278290/ERR2278290_1.fastq.gz	ERR2278290/ERR2278290_2.fastq.gz
SAMEA103884677	ERR2278298/ERR2278298_1.fastq.gz	ERR2278298/ERR2278298_2.fastq.gz
SAMEA103884850	ERR2278273/ERR2278273_1.fastq.gz	ERR2278273/ERR2278273_2.fastq.gz
SAMEA103884850	ERR2278283/ERR2278283_1.fastq.gz	ERR2278283/ERR2278283_2.fastq.gz
SAMEA103885510	ERR2278335/ERR2278335_1.fastq.gz	ERR2278335/ERR2278335_2.fastq.gz
SAMEA103885510	ERR2278341/ERR2278341_1.fastq.gz	ERR2278341/ERR2278341_2.fastq.gz
SAMEA103885511	ERR2278334/ERR2278334_1.fastq.gz	ERR2278334/ERR2278334_2.fastq.gz
SAMEA103885511	ERR2278340/ERR2278340_1.fastq.gz	ERR2278340/ERR2278340_2.fastq.gz
SAMEA103885513	ERR2278266/ERR2278266_1.fastq.gz	ERR2278266/ERR2278266_2.fastq.gz
SAMEA103885513	ERR2278276/ERR2278276_1.fastq.gz	ERR2278276/ERR2278276_2.fastq.gz
SAMEA103885514	ERR2278265/ERR2278265_1.fastq.gz	ERR2278265/ERR2278265_2.fastq.gz
SAMEA103885514	ERR2278275/ERR2278275_1.fastq.gz	ERR2278275/ERR2278275_2.fastq.gz
SAMEA103886060	ERR2278246/ERR2278246_1.fastq.gz	ERR2278246/ERR2278246_2.fastq.gz
SAMEA103886060	ERR2278256/ERR2278256_1.fastq.gz	ERR2278256/ERR2278256_2.fastq.gz
SAMEA103887419	ERR2278247/ERR2278247_1.fastq.gz	ERR2278247/ERR2278247_2.fastq.gz
SAMEA103887419	ERR2278257/ERR2278257_1.fastq.gz	ERR2278257/ERR2278257_2.fastq.gz
SAMEA103988283	ERR2278287/ERR2278287_1.fastq.gz	ERR2278287/ERR2278287_2.fastq.gz
SAMEA103988283	ERR2278295/ERR2278295_1.fastq.gz	ERR2278295/ERR2278295_2.fastq.gz
SAMEA103992842	ERR2278333/ERR2278333_1.fastq.gz	ERR2278333/ERR2278333_2.fastq.gz
SAMEA103992842	ERR2278339/ERR2278339_1.fastq.gz	ERR2278339/ERR2278339_2.fastq.gz
SAMEA103992843	ERR2278332/ERR2278332_1.fastq.gz	ERR2278332/ERR2278332_2.fastq.gz
SAMEA103992843	ERR2278338/ERR2278338_1.fastq.gz	ERR2278338/ERR2278338_2.fastq.gz
SAMEA103992846	ERR2278291/ERR2278291_1.fastq.gz	ERR2278291/ERR2278291_2.fastq.gz
SAMEA103992846	ERR2278299/ERR2278299_1.fastq.gz	ERR2278299/ERR2278299_2.fastq.gz
SAMEA103992851	ERR2278342/ERR2278342_1.fastq.gz	ERR2278342/ERR2278342_2.fastq.gz
SAMEA103992851	ERR2278345/ERR2278345_1.fastq.gz	ERR2278345/ERR2278345_2.fastq.gz
SAMEA103992896	ERR2278331/ERR2278331_1.fastq.gz	ERR2278331/ERR2278331_2.fastq.gz
SAMEA103992896	ERR2278337/ERR2278337_1.fastq.gz	ERR2278337/ERR2278337_2.fastq.gz
SAMEA104009786	ERR2278289/ERR2278289_1.fastq.gz	ERR2278289/ERR2278289_2.fastq.gz
SAMEA104009786	ERR2278297/ERR2278297_1.fastq.gz	ERR2278297/ERR2278297_2.fastq.gz
SAMEA104009787	ERR2278288/ERR2278288_1.fastq.gz	ERR2278288/ERR2278288_2.fastq.gz
SAMEA104009787	ERR2278296/ERR2278296_1.fastq.gz	ERR2278296/ERR2278296_2.fastq.gz
SAMEA104009794	ERR2278268/ERR2278268_1.fastq.gz	ERR2278268/ERR2278268_2.fastq.gz
SAMEA104009794	ERR2278278/ERR2278278_1.fastq.gz	ERR2278278/ERR2278278_2.fastq.gz
SAMEA104009795	ERR2278267/ERR2278267_1.fastq.gz	ERR2278267/ERR2278267_2.fastq.gz
SAMEA104009795	ERR2278277/ERR2278277_1.fastq.gz	ERR2278277/ERR2278277_2.fastq.gz
SAMEA104009796	ERR2278304/ERR2278304_1.fastq.gz	ERR2278304/ERR2278304_2.fastq.gz
SAMEA104009796	ERR2278314/ERR2278314_1.fastq.gz	ERR2278314/ERR2278314_2.fastq.gz
SAMEA104009798	ERR2278286/ERR2278286_1.fastq.gz	ERR2278286/ERR2278286_2.fastq.gz
SAMEA104009798	ERR2278294/ERR2278294_1.fastq.gz	ERR2278294/ERR2278294_2.fastq.gz
SAMEA104011279	ERR2278245/ERR2278245_1.fastq.gz	ERR2278245/ERR2278245_2.fastq.gz
SAMEA104011279	ERR2278255/ERR2278255_1.fastq.gz	ERR2278255/ERR2278255_2.fastq.gz
SAMEA104011280	ERR2278244/ERR2278244_1.fastq.gz	ERR2278244/ERR2278244_2.fastq.gz
SAMEA104011280	ERR2278254/ERR2278254_1.fastq.gz	ERR2278254/ERR2278254_2.fastq.gz
SAMEA104011281	ERR2278272/ERR2278272_1.fastq.gz	ERR2278272/ERR2278272_2.fastq.gz
SAMEA104011281	ERR2278282/ERR2278282_1.fastq.gz	ERR2278282/ERR2278282_2.fastq.gz
SAMEA104011282	ERR2278271/ERR2278271_1.fastq.gz	ERR2278271/ERR2278271_2.fastq.gz
SAMEA104011282	ERR2278281/ERR2278281_1.fastq.gz	ERR2278281/ERR2278281_2.fastq.gz
SAMEA104011285	ERR2278250/ERR2278250_1.fastq.gz	ERR2278250/ERR2278250_2.fastq.gz
SAMEA104011285	ERR2278260/ERR2278260_1.fastq.gz	ERR2278260/ERR2278260_2.fastq.gz
SAMEA104011286	ERR2278249/ERR2278249_1.fastq.gz	ERR2278249/ERR2278249_2.fastq.gz
SAMEA104011286	ERR2278259/ERR2278259_1.fastq.gz	ERR2278259/ERR2278259_2.fastq.gz
SAMEA104011287	ERR2278300/ERR2278300_1.fastq.gz	ERR2278300/ERR2278300_2.fastq.gz
SAMEA104011287	ERR2278310/ERR2278310_1.fastq.gz	ERR2278310/ERR2278310_2.fastq.gz
SAMEA104011288	ERR2278301/ERR2278301_1.fastq.gz	ERR2278301/ERR2278301_2.fastq.gz
SAMEA104011288	ERR2278311/ERR2278311_1.fastq.gz	ERR2278311/ERR2278311_2.fastq.gz
SAMEA104011289	ERR2278253/ERR2278253_1.fastq.gz	ERR2278253/ERR2278253_2.fastq.gz
SAMEA104011289	ERR2278263/ERR2278263_1.fastq.gz	ERR2278263/ERR2278263_2.fastq.gz
SAMEA104011290	ERR2278264/ERR2278264_1.fastq.gz	ERR2278264/ERR2278264_2.fastq.gz
SAMEA104011290	ERR2278274/ERR2278274_1.fastq.gz	ERR2278274/ERR2278274_2.fastq.gz
SAMEA104026891	ERR2278302/ERR2278302_1.fastq.gz	ERR2278302/ERR2278302_2.fastq.gz
SAMEA104026891	ERR2278312/ERR2278312_1.fastq.gz	ERR2278312/ERR2278312_2.fastq.gz
SAMEA104026892	ERR2278303/ERR2278303_1.fastq.gz	ERR2278303/ERR2278303_2.fastq.gz
SAMEA104026892	ERR2278313/ERR2278313_1.fastq.gz	ERR2278313/ERR2278313_2.fastq.gz
SAMEA104130210	ERR2278306/ERR2278306_1.fastq.gz	ERR2278306/ERR2278306_2.fastq.gz
SAMEA104130210	ERR2278316/ERR2278316_1.fastq.gz	ERR2278316/ERR2278316_2.fastq.gz
SAMEA104130211	ERR2278305/ERR2278305_1.fastq.gz	ERR2278305/ERR2278305_2.fastq.gz
SAMEA104130211	ERR2278315/ERR2278315_1.fastq.gz	ERR2278315/ERR2278315_2.fastq.gz
SAMEA104130216	ERR2278284/ERR2278284_1.fastq.gz	ERR2278284/ERR2278284_2.fastq.gz
SAMEA104130216	ERR2278292/ERR2278292_1.fastq.gz	ERR2278292/ERR2278292_2.fastq.gz
SAMEA104132470	ERR2278321/ERR2278321_1.fastq.gz	ERR2278321/ERR2278321_2.fastq.gz
SAMEA104132470	ERR2278326/ERR2278326_1.fastq.gz	ERR2278326/ERR2278326_2.fastq.gz
SAMEA104132471	ERR2278322/ERR2278322_1.fastq.gz	ERR2278322/ERR2278322_2.fastq.gz
SAMEA104132471	ERR2278327/ERR2278327_1.fastq.gz	ERR2278327/ERR2278327_2.fastq.gz
SAMEA104132710	ERR2278320/ERR2278320_1.fastq.gz	ERR2278320/ERR2278320_2.fastq.gz
SAMEA104132710	ERR2278325/ERR2278325_1.fastq.gz	ERR2278325/ERR2278325_2.fastq.gz
SAMEA104237550	ERR2278308/ERR2278308_1.fastq.gz	ERR2278308/ERR2278308_2.fastq.gz
SAMEA104237550	ERR2278318/ERR2278318_1.fastq.gz	ERR2278318/ERR2278318_2.fastq.gz
SAMEA104237551	ERR2278309/ERR2278309_1.fastq.gz	ERR2278309/ERR2278309_2.fastq.gz
SAMEA104237551	ERR2278319/ERR2278319_1.fastq.gz	ERR2278319/ERR2278319_2.fastq.gz
SAMEA104237552	ERR2278323/ERR2278323_1.fastq.gz	ERR2278323/ERR2278323_2.fastq.gz
SAMEA104237552	ERR2278328/ERR2278328_1.fastq.gz	ERR2278328/ERR2278328_2.fastq.gz
SAMEA104241751	ERR2278330/ERR2278330_1.fastq.gz	ERR2278330/ERR2278330_2.fastq.gz
SAMEA104241751	ERR2278336/ERR2278336_1.fastq.gz	ERR2278336/ERR2278336_2.fastq.gz
SAMEA104241752	ERR2278324/ERR2278324_1.fastq.gz	ERR2278324/ERR2278324_2.fastq.gz
SAMEA104241752	ERR2278329/ERR2278329_1.fastq.gz	ERR2278329/ERR2278329_2.fastq.gz
SAMEA17511418	ERR2278307/ERR2278307_1.fastq.gz	ERR2278307/ERR2278307_2.fastq.gz
SAMEA17511418	ERR2278317/ERR2278317_1.fastq.gz	ERR2278317/ERR2278317_2.fastq.gz
SAMEA2398028	ERR1203462/ERR1203462_1.fastq.gz	ERR1203462/ERR1203462_2.fastq.gz
SAMEA2398028	ERR1243465/ERR1243465_1.fastq.gz	ERR1243465/ERR1243465_2.fastq.gz
SAMEA2398080	ERR1203459/ERR1203459_1.fastq.gz	ERR1203459/ERR1203459_2.fastq.gz
SAMEA2398080	ERR1243462/ERR1243462_1.fastq.gz	ERR1243462/ERR1243462_2.fastq.gz
SAMEA2398552	ERR1203457/ERR1203457_1.fastq.gz	ERR1203457/ERR1203457_2.fastq.gz
SAMEA2398552	ERR1243460/ERR1243460_1.fastq.gz	ERR1243460/ERR1243460_2.fastq.gz
SAMEA2399461	ERR1203464/ERR1203464_1.fastq.gz	ERR1203464/ERR1203464_2.fastq.gz
SAMEA2399461	ERR1243467/ERR1243467_1.fastq.gz	ERR1243467/ERR1243467_2.fastq.gz
SAMEA2399463	ERR1203465/ERR1203465_1.fastq.gz	ERR1203465/ERR1203465_2.fastq.gz
SAMEA2399463	ERR1243468/ERR1243468_1.fastq.gz	ERR1243468/ERR1243468_2.fastq.gz
SAMEA2420640	ERR946978/ERR946978_1.fastq.gz	ERR946978/ERR946978_2.fastq.gz
SAMEA2420640	ERR947003/ERR947003_1.fastq.gz	ERR947003/ERR947003_2.fastq.gz
SAMEA2433566	ERR946959/ERR946959_1.fastq.gz	ERR946959/ERR946959_2.fastq.gz
SAMEA2433566	ERR946964/ERR946964_1.fastq.gz	ERR946964/ERR946964_2.fastq.gz
SAMEA2433568	ERR946958/ERR946958_1.fastq.gz	ERR946958/ERR946958_2.fastq.gz
SAMEA2433568	ERR946963/ERR946963_1.fastq.gz	ERR946963/ERR946963_2.fastq.gz
SAMEA2445779	ERR914283/ERR914283_1.fastq.gz	ERR914283/ERR914283_2.fastq.gz
SAMEA2445779	ERR914319/ERR914319_1.fastq.gz	ERR914319/ERR914319_2.fastq.gz
SAMEA2445783	ERR946973/ERR946973_1.fastq.gz	ERR946973/ERR946973_2.fastq.gz
SAMEA2445783	ERR946998/ERR946998_1.fastq.gz	ERR946998/ERR946998_2.fastq.gz
SAMEA2445784	ERR914295/ERR914295_1.fastq.gz	ERR914295/ERR914295_2.fastq.gz
SAMEA2445784	ERR914331/ERR914331_1.fastq.gz	ERR914331/ERR914331_2.fastq.gz
SAMEA2445787	ERR1203468/ERR1203468_1.fastq.gz	ERR1203468/ERR1203468_2.fastq.gz
SAMEA2445787	ERR1243471/ERR1243471_1.fastq.gz	ERR1243471/ERR1243471_2.fastq.gz
SAMEA2445790	ERR914310/ERR914310_1.fastq.gz	ERR914310/ERR914310_2.fastq.gz
SAMEA2445790	ERR914346/ERR914346_1.fastq.gz	ERR914346/ERR914346_2.fastq.gz
SAMEA2459959	ERR946960/ERR946960_1.fastq.gz	ERR946960/ERR946960_2.fastq.gz
SAMEA2459959	ERR946965/ERR946965_1.fastq.gz	ERR946965/ERR946965_2.fastq.gz
SAMEA2459961	ERR914298/ERR914298_1.fastq.gz	ERR914298/ERR914298_2.fastq.gz
SAMEA2459961	ERR914334/ERR914334_1.fastq.gz	ERR914334/ERR914334_2.fastq.gz
SAMEA2459968	ERR1724694/ERR1724694_1.fastq.gz	ERR1724694/ERR1724694_2.fastq.gz
SAMEA2459968	ERR1743784/ERR1743784_1.fastq.gz	ERR1743784/ERR1743784_2.fastq.gz
SAMEA2459970	ERR1274908/ERR1274908_1.fastq.gz	ERR1274908/ERR1274908_2.fastq.gz
SAMEA2459970	ERR1274916/ERR1274916_1.fastq.gz	ERR1274916/ERR1274916_2.fastq.gz
SAMEA2464779	ERR946972/ERR946972_1.fastq.gz	ERR946972/ERR946972_2.fastq.gz
SAMEA2464779	ERR946997/ERR946997_1.fastq.gz	ERR946997/ERR946997_2.fastq.gz
SAMEA2464797	ERR1203461/ERR1203461_1.fastq.gz	ERR1203461/ERR1203461_2.fastq.gz
SAMEA2464797	ERR1243464/ERR1243464_1.fastq.gz	ERR1243464/ERR1243464_2.fastq.gz
SAMEA2464810	ERR946961/ERR946961_1.fastq.gz	ERR946961/ERR946961_2.fastq.gz
SAMEA2464810	ERR946966/ERR946966_1.fastq.gz	ERR946966/ERR946966_2.fastq.gz
SAMEA2464814	ERR946957/ERR946957_1.fastq.gz	ERR946957/ERR946957_2.fastq.gz
SAMEA2464814	ERR946962/ERR946962_1.fastq.gz	ERR946962/ERR946962_2.fastq.gz
SAMEA2464819	ERR914296/ERR914296_1.fastq.gz	ERR914296/ERR914296_2.fastq.gz
SAMEA2464819	ERR914332/ERR914332_1.fastq.gz	ERR914332/ERR914332_2.fastq.gz
SAMEA2474454	ERR946988/ERR946988_1.fastq.gz	ERR946988/ERR946988_2.fastq.gz
SAMEA2474454	ERR947013/ERR947013_1.fastq.gz	ERR947013/ERR947013_2.fastq.gz
SAMEA2474456	ERR862690/ERR862690_1.fastq.gz	ERR862690/ERR862690_2.fastq.gz
SAMEA2474456	ERR946967/ERR946967_1.fastq.gz	ERR946967/ERR946967_2.fastq.gz
SAMEA2474458	ERR946985/ERR946985_1.fastq.gz	ERR946985/ERR946985_2.fastq.gz
SAMEA2474458	ERR947010/ERR947010_1.fastq.gz	ERR947010/ERR947010_2.fastq.gz
SAMEA2494988	ERR914302/ERR914302_1.fastq.gz	ERR914302/ERR914302_2.fastq.gz
SAMEA2494988	ERR914338/ERR914338_1.fastq.gz	ERR914338/ERR914338_2.fastq.gz
SAMEA2498700	ERR946971/ERR946971_1.fastq.gz	ERR946971/ERR946971_2.fastq.gz
SAMEA2498700	ERR946996/ERR946996_1.fastq.gz	ERR946996/ERR946996_2.fastq.gz
SAMEA2518322	ERR914289/ERR914289_1.fastq.gz	ERR914289/ERR914289_2.fastq.gz
SAMEA2518322	ERR914325/ERR914325_1.fastq.gz	ERR914325/ERR914325_2.fastq.gz
SAMEA2518324	ERR946984/ERR946984_1.fastq.gz	ERR946984/ERR946984_2.fastq.gz
SAMEA2518324	ERR947009/ERR947009_1.fastq.gz	ERR947009/ERR947009_2.fastq.gz
SAMEA2518325	ERR946992/ERR946992_1.fastq.gz	ERR946992/ERR946992_2.fastq.gz
SAMEA2518325	ERR947017/ERR947017_1.fastq.gz	ERR947017/ERR947017_2.fastq.gz
SAMEA2518332	ERR914307/ERR914307_1.fastq.gz	ERR914307/ERR914307_2.fastq.gz
SAMEA2518332	ERR914343/ERR914343_1.fastq.gz	ERR914343/ERR914343_2.fastq.gz
SAMEA2518334	ERR1203454/ERR1203454_1.fastq.gz	ERR1203454/ERR1203454_2.fastq.gz
SAMEA2518334	ERR1243457/ERR1243457_1.fastq.gz	ERR1243457/ERR1243457_2.fastq.gz
SAMEA2518338	ERR1724695/ERR1724695_1.fastq.gz	ERR1724695/ERR1724695_2.fastq.gz
SAMEA2518338	ERR1743785/ERR1743785_1.fastq.gz	ERR1743785/ERR1743785_2.fastq.gz
SAMEA2533336	ERR1203452/ERR1203452_1.fastq.gz	ERR1203452/ERR1203452_2.fastq.gz
SAMEA2533336	ERR1243455/ERR1243455_1.fastq.gz	ERR1243455/ERR1243455_2.fastq.gz
SAMEA2533339	ERR946989/ERR946989_1.fastq.gz	ERR946989/ERR946989_2.fastq.gz
SAMEA2533339	ERR947014/ERR947014_1.fastq.gz	ERR947014/ERR947014_2.fastq.gz
SAMEA2536404	ERR946968/ERR946968_1.fastq.gz	ERR946968/ERR946968_2.fastq.gz
SAMEA2536404	ERR946993/ERR946993_1.fastq.gz	ERR946993/ERR946993_2.fastq.gz
SAMEA2536405	ERR1274909/ERR1274909_1.fastq.gz	ERR1274909/ERR1274909_2.fastq.gz
SAMEA2536405	ERR1274917/ERR1274917_1.fastq.gz	ERR1274917/ERR1274917_2.fastq.gz
SAMEA2536410	ERR946969/ERR946969_1.fastq.gz	ERR946969/ERR946969_2.fastq.gz
SAMEA2536410	ERR946994/ERR946994_1.fastq.gz	ERR946994/ERR946994_2.fastq.gz
SAMEA2536412	ERR1203451/ERR1203451_1.fastq.gz	ERR1203451/ERR1203451_2.fastq.gz
SAMEA2536412	ERR1243454/ERR1243454_1.fastq.gz	ERR1243454/ERR1243454_2.fastq.gz
SAMEA2536413	ERR914313/ERR914313_1.fastq.gz	ERR914313/ERR914313_2.fastq.gz
SAMEA2536413	ERR914349/ERR914349_1.fastq.gz	ERR914349/ERR914349_2.fastq.gz
SAMEA2536416	ERR946990/ERR946990_1.fastq.gz	ERR946990/ERR946990_2.fastq.gz
SAMEA2536416	ERR947015/ERR947015_1.fastq.gz	ERR947015/ERR947015_2.fastq.gz
SAMEA2536417	ERR914306/ERR914306_1.fastq.gz	ERR914306/ERR914306_2.fastq.gz
SAMEA2536417	ERR914342/ERR914342_1.fastq.gz	ERR914342/ERR914342_2.fastq.gz
SAMEA2547615	ERR1203463/ERR1203463_1.fastq.gz	ERR1203463/ERR1203463_2.fastq.gz
SAMEA2547615	ERR1243466/ERR1243466_1.fastq.gz	ERR1243466/ERR1243466_2.fastq.gz
SAMEA2547616	ERR946970/ERR946970_1.fastq.gz	ERR946970/ERR946970_2.fastq.gz
SAMEA2547616	ERR946995/ERR946995_1.fastq.gz	ERR946995/ERR946995_2.fastq.gz
SAMEA2547619	ERR914288/ERR914288_1.fastq.gz	ERR914288/ERR914288_2.fastq.gz
SAMEA2547619	ERR914324/ERR914324_1.fastq.gz	ERR914324/ERR914324_2.fastq.gz
SAMEA2547622	ERR946987/ERR946987_1.fastq.gz	ERR946987/ERR946987_2.fastq.gz
SAMEA2547622	ERR947012/ERR947012_1.fastq.gz	ERR947012/ERR947012_2.fastq.gz
SAMEA2547633	ERR946982/ERR946982_1.fastq.gz	ERR946982/ERR946982_2.fastq.gz
SAMEA2547633	ERR947007/ERR947007_1.fastq.gz	ERR947007/ERR947007_2.fastq.gz
SAMEA2547637	ERR946981/ERR946981_1.fastq.gz	ERR946981/ERR946981_2.fastq.gz
SAMEA2547637	ERR947006/ERR947006_1.fastq.gz	ERR947006/ERR947006_2.fastq.gz
SAMEA2547644	ERR946983/ERR946983_1.fastq.gz	ERR946983/ERR946983_2.fastq.gz
SAMEA2547644	ERR947008/ERR947008_1.fastq.gz	ERR947008/ERR947008_2.fastq.gz
SAMEA2547899	ERR946991/ERR946991_1.fastq.gz	ERR946991/ERR946991_2.fastq.gz
SAMEA2547899	ERR947016/ERR947016_1.fastq.gz	ERR947016/ERR947016_2.fastq.gz
SAMEA2555012	ERR946976/ERR946976_1.fastq.gz	ERR946976/ERR946976_2.fastq.gz
SAMEA2555012	ERR947001/ERR947001_1.fastq.gz	ERR947001/ERR947001_2.fastq.gz
SAMEA2555017	ERR946986/ERR946986_1.fastq.gz	ERR946986/ERR946986_2.fastq.gz
SAMEA2555017	ERR947011/ERR947011_1.fastq.gz	ERR947011/ERR947011_2.fastq.gz
SAMEA2570426	ERR1724696/ERR1724696_1.fastq.gz	ERR1724696/ERR1724696_2.fastq.gz
SAMEA2570426	ERR1743786/ERR1743786_1.fastq.gz	ERR1743786/ERR1743786_2.fastq.gz
SAMEA2570432	ERR1274906/ERR1274906_1.fastq.gz	ERR1274906/ERR1274906_2.fastq.gz
SAMEA2570432	ERR1274914/ERR1274914_1.fastq.gz	ERR1274914/ERR1274914_2.fastq.gz
SAMEA2570435	ERR914294/ERR914294_1.fastq.gz	ERR914294/ERR914294_2.fastq.gz
SAMEA2570435	ERR914330/ERR914330_1.fastq.gz	ERR914330/ERR914330_2.fastq.gz
SAMEA2590621	ERR914281/ERR914281_1.fastq.gz	ERR914281/ERR914281_2.fastq.gz
SAMEA2590621	ERR914317/ERR914317_1.fastq.gz	ERR914317/ERR914317_2.fastq.gz
SAMEA2593858	ERR914304/ERR914304_1.fastq.gz	ERR914304/ERR914304_2.fastq.gz
SAMEA2593858	ERR914340/ERR914340_1.fastq.gz	ERR914340/ERR914340_2.fastq.gz
SAMEA2595426	ERR946980/ERR946980_1.fastq.gz	ERR946980/ERR946980_2.fastq.gz
SAMEA2595426	ERR947005/ERR947005_1.fastq.gz	ERR947005/ERR947005_2.fastq.gz
SAMEA2609965	ERR914278/ERR914278_1.fastq.gz	ERR914278/ERR914278_2.fastq.gz
SAMEA2609965	ERR914314/ERR914314_1.fastq.gz	ERR914314/ERR914314_2.fastq.gz
SAMEA2609968	ERR2039315/ERR2039315_1.fastq.gz	ERR2039315/ERR2039315_2.fastq.gz
SAMEA2609968	ERR2039325/ERR2039325_1.fastq.gz	ERR2039325/ERR2039325_2.fastq.gz
SAMEA2609971	ERR946979/ERR946979_1.fastq.gz	ERR946979/ERR946979_2.fastq.gz
SAMEA2609971	ERR947004/ERR947004_1.fastq.gz	ERR947004/ERR947004_2.fastq.gz
SAMEA2609972	ERR914282/ERR914282_1.fastq.gz	ERR914282/ERR914282_2.fastq.gz
SAMEA2609972	ERR914318/ERR914318_1.fastq.gz	ERR914318/ERR914318_2.fastq.gz
SAMEA2612471	ERR1629676/ERR1629676_1.fastq.gz	ERR1629676/ERR1629676_2.fastq.gz
SAMEA2612471	ERR1629686/ERR1629686_1.fastq.gz	ERR1629686/ERR1629686_2.fastq.gz
SAMEA2612483	ERR914299/ERR914299_1.fastq.gz	ERR914299/ERR914299_2.fastq.gz
SAMEA2612483	ERR914335/ERR914335_1.fastq.gz	ERR914335/ERR914335_2.fastq.gz
SAMEA2613897	ERR914291/ERR914291_1.fastq.gz	ERR914291/ERR914291_2.fastq.gz
SAMEA2613897	ERR914327/ERR914327_1.fastq.gz	ERR914327/ERR914327_2.fastq.gz
SAMEA2613912	ERR914285/ERR914285_1.fastq.gz	ERR914285/ERR914285_2.fastq.gz
SAMEA2613912	ERR914321/ERR914321_1.fastq.gz	ERR914321/ERR914321_2.fastq.gz
SAMEA2625589	ERR914301/ERR914301_1.fastq.gz	ERR914301/ERR914301_2.fastq.gz
SAMEA2625589	ERR914337/ERR914337_1.fastq.gz	ERR914337/ERR914337_2.fastq.gz
SAMEA2625592	ERR914292/ERR914292_1.fastq.gz	ERR914292/ERR914292_2.fastq.gz
SAMEA2625592	ERR914328/ERR914328_1.fastq.gz	ERR914328/ERR914328_2.fastq.gz
SAMEA2627141	ERR946977/ERR946977_1.fastq.gz	ERR946977/ERR946977_2.fastq.gz
SAMEA2627141	ERR947002/ERR947002_1.fastq.gz	ERR947002/ERR947002_2.fastq.gz
SAMEA2627566	ERR1274907/ERR1274907_1.fastq.gz	ERR1274907/ERR1274907_2.fastq.gz
SAMEA2627566	ERR1274915/ERR1274915_1.fastq.gz	ERR1274915/ERR1274915_2.fastq.gz
SAMEA2627567	ERR914279/ERR914279_1.fastq.gz	ERR914279/ERR914279_2.fastq.gz
SAMEA2627567	ERR914315/ERR914315_1.fastq.gz	ERR914315/ERR914315_2.fastq.gz
SAMEA2627569	ERR1203453/ERR1203453_1.fastq.gz	ERR1203453/ERR1203453_2.fastq.gz
SAMEA2627569	ERR1243456/ERR1243456_1.fastq.gz	ERR1243456/ERR1243456_2.fastq.gz
SAMEA2627571	ERR1203467/ERR1203467_1.fastq.gz	ERR1203467/ERR1203467_2.fastq.gz
SAMEA2627571	ERR1243470/ERR1243470_1.fastq.gz	ERR1243470/ERR1243470_2.fastq.gz
SAMEA2627577	ERR914303/ERR914303_1.fastq.gz	ERR914303/ERR914303_2.fastq.gz
SAMEA2627577	ERR914339/ERR914339_1.fastq.gz	ERR914339/ERR914339_2.fastq.gz
SAMEA2627578	ERR914312/ERR914312_1.fastq.gz	ERR914312/ERR914312_2.fastq.gz
SAMEA2627578	ERR914348/ERR914348_1.fastq.gz	ERR914348/ERR914348_2.fastq.gz
SAMEA2632921	ERR1203469/ERR1203469_1.fastq.gz	ERR1203469/ERR1203469_2.fastq.gz
SAMEA2632921	ERR1243472/ERR1243472_1.fastq.gz	ERR1243472/ERR1243472_2.fastq.gz
SAMEA2645805	ERR1203455/ERR1203455_1.fastq.gz	ERR1203455/ERR1203455_2.fastq.gz
SAMEA2645805	ERR1243458/ERR1243458_1.fastq.gz	ERR1243458/ERR1243458_2.fastq.gz
SAMEA2645809	ERR1203460/ERR1203460_1.fastq.gz	ERR1203460/ERR1203460_2.fastq.gz
SAMEA2645809	ERR1243463/ERR1243463_1.fastq.gz	ERR1243463/ERR1243463_2.fastq.gz
SAMEA2645811	ERR946974/ERR946974_1.fastq.gz	ERR946974/ERR946974_2.fastq.gz
SAMEA2645811	ERR946999/ERR946999_1.fastq.gz	ERR946999/ERR946999_2.fastq.gz
SAMEA2645814	ERR914286/ERR914286_1.fastq.gz	ERR914286/ERR914286_2.fastq.gz
SAMEA2645814	ERR914322/ERR914322_1.fastq.gz	ERR914322/ERR914322_2.fastq.gz
SAMEA2649534	ERR1203470/ERR1203470_1.fastq.gz	ERR1203470/ERR1203470_2.fastq.gz
SAMEA2649534	ERR1243473/ERR1243473_1.fastq.gz	ERR1243473/ERR1243473_2.fastq.gz
SAMEA2658084	ERR914305/ERR914305_1.fastq.gz	ERR914305/ERR914305_2.fastq.gz
SAMEA2658084	ERR914341/ERR914341_1.fastq.gz	ERR914341/ERR914341_2.fastq.gz
SAMEA2658090	ERR1203458/ERR1203458_1.fastq.gz	ERR1203458/ERR1203458_2.fastq.gz
SAMEA2658090	ERR1243461/ERR1243461_1.fastq.gz	ERR1243461/ERR1243461_2.fastq.gz
SAMEA2658107	ERR914290/ERR914290_1.fastq.gz	ERR914290/ERR914290_2.fastq.gz
SAMEA2658107	ERR914326/ERR914326_1.fastq.gz	ERR914326/ERR914326_2.fastq.gz
SAMEA2675459	ERR914284/ERR914284_1.fastq.gz	ERR914284/ERR914284_2.fastq.gz
SAMEA2675459	ERR914320/ERR914320_1.fastq.gz	ERR914320/ERR914320_2.fastq.gz
SAMEA2678738	ERR914309/ERR914309_1.fastq.gz	ERR914309/ERR914309_2.fastq.gz
SAMEA2678738	ERR914345/ERR914345_1.fastq.gz	ERR914345/ERR914345_2.fastq.gz
SAMEA2678742	ERR914308/ERR914308_1.fastq.gz	ERR914308/ERR914308_2.fastq.gz
SAMEA2678742	ERR914344/ERR914344_1.fastq.gz	ERR914344/ERR914344_2.fastq.gz
SAMEA2682670	ERR914280/ERR914280_1.fastq.gz	ERR914280/ERR914280_2.fastq.gz
SAMEA2682670	ERR914316/ERR914316_1.fastq.gz	ERR914316/ERR914316_2.fastq.gz
SAMEA2682671	ERR946975/ERR946975_1.fastq.gz	ERR946975/ERR946975_2.fastq.gz
SAMEA2682671	ERR947000/ERR947000_1.fastq.gz	ERR947000/ERR947000_2.fastq.gz
SAMEA2698309	ERR914297/ERR914297_1.fastq.gz	ERR914297/ERR914297_2.fastq.gz
SAMEA2698309	ERR914333/ERR914333_1.fastq.gz	ERR914333/ERR914333_2.fastq.gz
SAMEA2698315	ERR1203456/ERR1203456_1.fastq.gz	ERR1203456/ERR1203456_2.fastq.gz
SAMEA2698315	ERR1243459/ERR1243459_1.fastq.gz	ERR1243459/ERR1243459_2.fastq.gz
SAMEA2707499	ERR914287/ERR914287_1.fastq.gz	ERR914287/ERR914287_2.fastq.gz
SAMEA2707499	ERR914323/ERR914323_1.fastq.gz	ERR914323/ERR914323_2.fastq.gz
SAMEA2707507	ERR914293/ERR914293_1.fastq.gz	ERR914293/ERR914293_2.fastq.gz
SAMEA2707507	ERR914329/ERR914329_1.fastq.gz	ERR914329/ERR914329_2.fastq.gz
SAMEA2711371	ERR914311/ERR914311_1.fastq.gz	ERR914311/ERR914311_2.fastq.gz
SAMEA2711371	ERR914347/ERR914347_1.fastq.gz	ERR914347/ERR914347_2.fastq.gz
SAMEA2719619	ERR914300/ERR914300_1.fastq.gz	ERR914300/ERR914300_2.fastq.gz
SAMEA2719619	ERR914336/ERR914336_1.fastq.gz	ERR914336/ERR914336_2.fastq.gz
SAMEA2724743	ERR1203466/ERR1203466_1.fastq.gz	ERR1203466/ERR1203466_2.fastq.gz
SAMEA2724743	ERR1243469/ERR1243469_1.fastq.gz	ERR1243469/ERR1243469_2.fastq.gz
SAMEA3282737	ERR1555093/ERR1555093_1.fastq.gz	ERR1555093/ERR1555093_2.fastq.gz
SAMEA3282737	ERR1555103/ERR1555103_1.fastq.gz	ERR1555103/ERR1555103_2.fastq.gz
SAMEA3282737	ERR1836989/ERR1836989_1.fastq.gz	ERR1836989/ERR1836989_2.fastq.gz
SAMEA3282737	ERR1836999/ERR1836999_1.fastq.gz	ERR1836999/ERR1836999_2.fastq.gz
SAMEA3311866	ERR1203471/ERR1203471_1.fastq.gz	ERR1203471/ERR1203471_2.fastq.gz
SAMEA3311866	ERR1243474/ERR1243474_1.fastq.gz	ERR1243474/ERR1243474_2.fastq.gz
SAMEA3311872	ERR1555117/ERR1555117_1.fastq.gz	ERR1555117/ERR1555117_2.fastq.gz
SAMEA3311872	ERR1594738/ERR1594738_1.fastq.gz	ERR1594738/ERR1594738_2.fastq.gz
SAMEA3311872	ERR1837033/ERR1837033_1.fastq.gz	ERR1837033/ERR1837033_2.fastq.gz
SAMEA3311872	ERR1837043/ERR1837043_1.fastq.gz	ERR1837043/ERR1837043_2.fastq.gz
SAMEA3312840	ERR1274910/ERR1274910_1.fastq.gz	ERR1274910/ERR1274910_2.fastq.gz
SAMEA3312840	ERR1274918/ERR1274918_1.fastq.gz	ERR1274918/ERR1274918_2.fastq.gz
SAMEA3316296	ERR1274911/ERR1274911_1.fastq.gz	ERR1274911/ERR1274911_2.fastq.gz
SAMEA3316296	ERR1274919/ERR1274919_1.fastq.gz	ERR1274919/ERR1274919_2.fastq.gz
SAMEA3335591	ERR1203472/ERR1203472_1.fastq.gz	ERR1203472/ERR1203472_2.fastq.gz
SAMEA3335591	ERR1243475/ERR1243475_1.fastq.gz	ERR1243475/ERR1243475_2.fastq.gz
SAMEA3355549	ERR1203473/ERR1203473_1.fastq.gz	ERR1203473/ERR1203473_2.fastq.gz
SAMEA3355549	ERR1243476/ERR1243476_1.fastq.gz	ERR1243476/ERR1243476_2.fastq.gz
SAMEA3355550	ERR1203474/ERR1203474_1.fastq.gz	ERR1203474/ERR1203474_2.fastq.gz
SAMEA3355550	ERR1243477/ERR1243477_1.fastq.gz	ERR1243477/ERR1243477_2.fastq.gz
SAMEA3374091	ERR1594716/ERR1594716_1.fastq.gz	ERR1594716/ERR1594716_2.fastq.gz
SAMEA3374091	ERR1594726/ERR1594726_1.fastq.gz	ERR1594726/ERR1594726_2.fastq.gz
SAMEA3374091	ERR1837011/ERR1837011_1.fastq.gz	ERR1837011/ERR1837011_2.fastq.gz
SAMEA3374091	ERR1837021/ERR1837021_1.fastq.gz	ERR1837021/ERR1837021_2.fastq.gz
SAMEA3374092	ERR1594717/ERR1594717_1.fastq.gz	ERR1594717/ERR1594717_2.fastq.gz
SAMEA3374092	ERR1594727/ERR1594727_1.fastq.gz	ERR1594727/ERR1594727_2.fastq.gz
SAMEA3374092	ERR1837012/ERR1837012_1.fastq.gz	ERR1837012/ERR1837012_2.fastq.gz
SAMEA3374092	ERR1837022/ERR1837022_1.fastq.gz	ERR1837022/ERR1837022_2.fastq.gz
SAMEA3443156	ERR1274912/ERR1274912_1.fastq.gz	ERR1274912/ERR1274912_2.fastq.gz
SAMEA3443156	ERR1274920/ERR1274920_1.fastq.gz	ERR1274920/ERR1274920_2.fastq.gz
SAMEA3448738	ERR1555097/ERR1555097_1.fastq.gz	ERR1555097/ERR1555097_2.fastq.gz
SAMEA3448738	ERR1555107/ERR1555107_1.fastq.gz	ERR1555107/ERR1555107_2.fastq.gz
SAMEA3448738	ERR1836993/ERR1836993_1.fastq.gz	ERR1836993/ERR1836993_2.fastq.gz
SAMEA3448738	ERR1837003/ERR1837003_1.fastq.gz	ERR1837003/ERR1837003_2.fastq.gz
SAMEA3448741	ERR1274913/ERR1274913_1.fastq.gz	ERR1274913/ERR1274913_2.fastq.gz
SAMEA3448741	ERR1274921/ERR1274921_1.fastq.gz	ERR1274921/ERR1274921_2.fastq.gz
SAMEA3460677	ERR1555099/ERR1555099_1.fastq.gz	ERR1555099/ERR1555099_2.fastq.gz
SAMEA3460677	ERR1555109/ERR1555109_1.fastq.gz	ERR1555109/ERR1555109_2.fastq.gz
SAMEA3460677	ERR1836995/ERR1836995_1.fastq.gz	ERR1836995/ERR1836995_2.fastq.gz
SAMEA3460677	ERR1837005/ERR1837005_1.fastq.gz	ERR1837005/ERR1837005_2.fastq.gz
SAMEA3460678	ERR1555098/ERR1555098_1.fastq.gz	ERR1555098/ERR1555098_2.fastq.gz
SAMEA3460678	ERR1555108/ERR1555108_1.fastq.gz	ERR1555108/ERR1555108_2.fastq.gz
SAMEA3460678	ERR1836994/ERR1836994_1.fastq.gz	ERR1836994/ERR1836994_2.fastq.gz
SAMEA3460678	ERR1837004/ERR1837004_1.fastq.gz	ERR1837004/ERR1837004_2.fastq.gz
SAMEA3460681	ERR1555094/ERR1555094_1.fastq.gz	ERR1555094/ERR1555094_2.fastq.gz
SAMEA3460681	ERR1555104/ERR1555104_1.fastq.gz	ERR1555104/ERR1555104_2.fastq.gz
SAMEA3460681	ERR1836990/ERR1836990_1.fastq.gz	ERR1836990/ERR1836990_2.fastq.gz
SAMEA3460681	ERR1837000/ERR1837000_1.fastq.gz	ERR1837000/ERR1837000_2.fastq.gz
SAMEA3463756	ERR1594719/ERR1594719_1.fastq.gz	ERR1594719/ERR1594719_2.fastq.gz
SAMEA3463756	ERR1594729/ERR1594729_1.fastq.gz	ERR1594729/ERR1594729_2.fastq.gz
SAMEA3463756	ERR1837014/ERR1837014_1.fastq.gz	ERR1837014/ERR1837014_2.fastq.gz
SAMEA3463756	ERR1837024/ERR1837024_1.fastq.gz	ERR1837024/ERR1837024_2.fastq.gz
SAMEA3466477	ERR1555100/ERR1555100_1.fastq.gz	ERR1555100/ERR1555100_2.fastq.gz
SAMEA3466477	ERR1555110/ERR1555110_1.fastq.gz	ERR1555110/ERR1555110_2.fastq.gz
SAMEA3466477	ERR1836996/ERR1836996_1.fastq.gz	ERR1836996/ERR1836996_2.fastq.gz
SAMEA3466477	ERR1837006/ERR1837006_1.fastq.gz	ERR1837006/ERR1837006_2.fastq.gz
SAMEA3466481	ERR1555095/ERR1555095_1.fastq.gz	ERR1555095/ERR1555095_2.fastq.gz
SAMEA3466481	ERR1555105/ERR1555105_1.fastq.gz	ERR1555105/ERR1555105_2.fastq.gz
SAMEA3466481	ERR1836991/ERR1836991_1.fastq.gz	ERR1836991/ERR1836991_2.fastq.gz
SAMEA3466481	ERR1837001/ERR1837001_1.fastq.gz	ERR1837001/ERR1837001_2.fastq.gz
SAMEA3469236	ERR1594720/ERR1594720_1.fastq.gz	ERR1594720/ERR1594720_2.fastq.gz
SAMEA3469236	ERR1594730/ERR1594730_1.fastq.gz	ERR1594730/ERR1594730_2.fastq.gz
SAMEA3469236	ERR1837015/ERR1837015_1.fastq.gz	ERR1837015/ERR1837015_2.fastq.gz
SAMEA3469236	ERR1837025/ERR1837025_1.fastq.gz	ERR1837025/ERR1837025_2.fastq.gz
SAMEA3470396	ERR1594714/ERR1594714_1.fastq.gz	ERR1594714/ERR1594714_2.fastq.gz
SAMEA3470396	ERR1594724/ERR1594724_1.fastq.gz	ERR1594724/ERR1594724_2.fastq.gz
SAMEA3470396	ERR1837009/ERR1837009_1.fastq.gz	ERR1837009/ERR1837009_2.fastq.gz
SAMEA3470396	ERR1837019/ERR1837019_1.fastq.gz	ERR1837019/ERR1837019_2.fastq.gz
SAMEA3470401	ERR1555096/ERR1555096_1.fastq.gz	ERR1555096/ERR1555096_2.fastq.gz
SAMEA3470401	ERR1555106/ERR1555106_1.fastq.gz	ERR1555106/ERR1555106_2.fastq.gz
SAMEA3470401	ERR1836992/ERR1836992_1.fastq.gz	ERR1836992/ERR1836992_2.fastq.gz
SAMEA3470401	ERR1837002/ERR1837002_1.fastq.gz	ERR1837002/ERR1837002_2.fastq.gz
SAMEA3474016	ERR1594715/ERR1594715_1.fastq.gz	ERR1594715/ERR1594715_2.fastq.gz
SAMEA3474016	ERR1594725/ERR1594725_1.fastq.gz	ERR1594725/ERR1594725_2.fastq.gz
SAMEA3474016	ERR1837010/ERR1837010_1.fastq.gz	ERR1837010/ERR1837010_2.fastq.gz
SAMEA3474016	ERR1837020/ERR1837020_1.fastq.gz	ERR1837020/ERR1837020_2.fastq.gz
SAMEA3477720	ERR1724697/ERR1724697_1.fastq.gz	ERR1724697/ERR1724697_2.fastq.gz
SAMEA3477720	ERR1743787/ERR1743787_1.fastq.gz	ERR1743787/ERR1743787_2.fastq.gz
SAMEA3483996	ERR1594723/ERR1594723_1.fastq.gz	ERR1594723/ERR1594723_2.fastq.gz
SAMEA3483996	ERR1594733/ERR1594733_1.fastq.gz	ERR1594733/ERR1594733_2.fastq.gz
SAMEA3483996	ERR1837018/ERR1837018_1.fastq.gz	ERR1837018/ERR1837018_2.fastq.gz
SAMEA3483996	ERR1837028/ERR1837028_1.fastq.gz	ERR1837028/ERR1837028_2.fastq.gz
SAMEA3483998	ERR1594722/ERR1594722_1.fastq.gz	ERR1594722/ERR1594722_2.fastq.gz
SAMEA3483998	ERR1594732/ERR1594732_1.fastq.gz	ERR1594732/ERR1594732_2.fastq.gz
SAMEA3483998	ERR1837017/ERR1837017_1.fastq.gz	ERR1837017/ERR1837017_2.fastq.gz
SAMEA3483998	ERR1837027/ERR1837027_1.fastq.gz	ERR1837027/ERR1837027_2.fastq.gz
SAMEA3483999	ERR1555121/ERR1555121_1.fastq.gz	ERR1555121/ERR1555121_2.fastq.gz
SAMEA3483999	ERR1594742/ERR1594742_1.fastq.gz	ERR1594742/ERR1594742_2.fastq.gz
SAMEA3483999	ERR1837037/ERR1837037_1.fastq.gz	ERR1837037/ERR1837037_2.fastq.gz
SAMEA3483999	ERR1837047/ERR1837047_1.fastq.gz	ERR1837047/ERR1837047_2.fastq.gz
SAMEA3484001	ERR1555120/ERR1555120_1.fastq.gz	ERR1555120/ERR1555120_2.fastq.gz
SAMEA3484001	ERR1594741/ERR1594741_1.fastq.gz	ERR1594741/ERR1594741_2.fastq.gz
SAMEA3484001	ERR1837036/ERR1837036_1.fastq.gz	ERR1837036/ERR1837036_2.fastq.gz
SAMEA3484001	ERR1837046/ERR1837046_1.fastq.gz	ERR1837046/ERR1837046_2.fastq.gz
SAMEA3485957	ERR1555102/ERR1555102_1.fastq.gz	ERR1555102/ERR1555102_2.fastq.gz
SAMEA3485957	ERR1555112/ERR1555112_1.fastq.gz	ERR1555112/ERR1555112_2.fastq.gz
SAMEA3485957	ERR1836998/ERR1836998_1.fastq.gz	ERR1836998/ERR1836998_2.fastq.gz
SAMEA3485957	ERR1837008/ERR1837008_1.fastq.gz	ERR1837008/ERR1837008_2.fastq.gz
SAMEA3485958	ERR1555101/ERR1555101_1.fastq.gz	ERR1555101/ERR1555101_2.fastq.gz
SAMEA3485958	ERR1555111/ERR1555111_1.fastq.gz	ERR1555111/ERR1555111_2.fastq.gz
SAMEA3485958	ERR1836997/ERR1836997_1.fastq.gz	ERR1836997/ERR1836997_2.fastq.gz
SAMEA3485958	ERR1837007/ERR1837007_1.fastq.gz	ERR1837007/ERR1837007_2.fastq.gz
SAMEA3485962	ERR1629700/ERR1629700_1.fastq.gz	ERR1629700/ERR1629700_2.fastq.gz
SAMEA3485962	ERR1629710/ERR1629710_1.fastq.gz	ERR1629710/ERR1629710_2.fastq.gz
SAMEA3485963	ERR1629699/ERR1629699_1.fastq.gz	ERR1629699/ERR1629699_2.fastq.gz
SAMEA3485963	ERR1629709/ERR1629709_1.fastq.gz	ERR1629709/ERR1629709_2.fastq.gz
SAMEA3735470	ERR1555113/ERR1555113_1.fastq.gz	ERR1555113/ERR1555113_2.fastq.gz
SAMEA3735470	ERR1594734/ERR1594734_1.fastq.gz	ERR1594734/ERR1594734_2.fastq.gz
SAMEA3735470	ERR1837029/ERR1837029_1.fastq.gz	ERR1837029/ERR1837029_2.fastq.gz
SAMEA3735470	ERR1837039/ERR1837039_1.fastq.gz	ERR1837039/ERR1837039_2.fastq.gz
SAMEA3735541	ERR1629677/ERR1629677_1.fastq.gz	ERR1629677/ERR1629677_2.fastq.gz
SAMEA3735541	ERR1629687/ERR1629687_1.fastq.gz	ERR1629687/ERR1629687_2.fastq.gz
SAMEA3753601	ERR1555114/ERR1555114_1.fastq.gz	ERR1555114/ERR1555114_2.fastq.gz
SAMEA3753601	ERR1594735/ERR1594735_1.fastq.gz	ERR1594735/ERR1594735_2.fastq.gz
SAMEA3753601	ERR1837030/ERR1837030_1.fastq.gz	ERR1837030/ERR1837030_2.fastq.gz
SAMEA3753601	ERR1837040/ERR1837040_1.fastq.gz	ERR1837040/ERR1837040_2.fastq.gz
SAMEA3754201	ERR1555119/ERR1555119_1.fastq.gz	ERR1555119/ERR1555119_2.fastq.gz
SAMEA3754201	ERR1594740/ERR1594740_1.fastq.gz	ERR1594740/ERR1594740_2.fastq.gz
SAMEA3754201	ERR1837035/ERR1837035_1.fastq.gz	ERR1837035/ERR1837035_2.fastq.gz
SAMEA3754201	ERR1837045/ERR1837045_1.fastq.gz	ERR1837045/ERR1837045_2.fastq.gz
SAMEA3754202	ERR1724699/ERR1724699_1.fastq.gz	ERR1724699/ERR1724699_2.fastq.gz
SAMEA3754202	ERR1743788/ERR1743788_1.fastq.gz	ERR1743788/ERR1743788_2.fastq.gz
SAMEA3754203	ERR1724700/ERR1724700_1.fastq.gz	ERR1724700/ERR1724700_2.fastq.gz
SAMEA3754203	ERR1743789/ERR1743789_1.fastq.gz	ERR1743789/ERR1743789_2.fastq.gz
SAMEA3754205	ERR1555118/ERR1555118_1.fastq.gz	ERR1555118/ERR1555118_2.fastq.gz
SAMEA3754205	ERR1594739/ERR1594739_1.fastq.gz	ERR1594739/ERR1594739_2.fastq.gz
SAMEA3754205	ERR1837034/ERR1837034_1.fastq.gz	ERR1837034/ERR1837034_2.fastq.gz
SAMEA3754205	ERR1837044/ERR1837044_1.fastq.gz	ERR1837044/ERR1837044_2.fastq.gz
SAMEA3754916	ERR1629678/ERR1629678_1.fastq.gz	ERR1629678/ERR1629678_2.fastq.gz
SAMEA3754916	ERR1629688/ERR1629688_1.fastq.gz	ERR1629688/ERR1629688_2.fastq.gz
SAMEA3755280	ERR1594718/ERR1594718_1.fastq.gz	ERR1594718/ERR1594718_2.fastq.gz
SAMEA3755280	ERR1594728/ERR1594728_1.fastq.gz	ERR1594728/ERR1594728_2.fastq.gz
SAMEA3755280	ERR1837013/ERR1837013_1.fastq.gz	ERR1837013/ERR1837013_2.fastq.gz
SAMEA3755280	ERR1837023/ERR1837023_1.fastq.gz	ERR1837023/ERR1837023_2.fastq.gz
SAMEA3755284	ERR1594721/ERR1594721_1.fastq.gz	ERR1594721/ERR1594721_2.fastq.gz
SAMEA3755284	ERR1594731/ERR1594731_1.fastq.gz	ERR1594731/ERR1594731_2.fastq.gz
SAMEA3755284	ERR1837016/ERR1837016_1.fastq.gz	ERR1837016/ERR1837016_2.fastq.gz
SAMEA3755284	ERR1837026/ERR1837026_1.fastq.gz	ERR1837026/ERR1837026_2.fastq.gz
SAMEA3847031	ERR1724706/ERR1724706_1.fastq.gz	ERR1724706/ERR1724706_2.fastq.gz
SAMEA3847031	ERR1743795/ERR1743795_1.fastq.gz	ERR1743795/ERR1743795_2.fastq.gz
SAMEA3847036	ERR1555123/ERR1555123_1.fastq.gz	ERR1555123/ERR1555123_2.fastq.gz
SAMEA3847036	ERR1594744/ERR1594744_1.fastq.gz	ERR1594744/ERR1594744_2.fastq.gz
SAMEA3847036	ERR1837049/ERR1837049_1.fastq.gz	ERR1837049/ERR1837049_2.fastq.gz
SAMEA3847036	ERR1837077/ERR1837077_1.fastq.gz	ERR1837077/ERR1837077_2.fastq.gz
SAMEA3847037	ERR1555122/ERR1555122_1.fastq.gz	ERR1555122/ERR1555122_2.fastq.gz
SAMEA3847037	ERR1594743/ERR1594743_1.fastq.gz	ERR1594743/ERR1594743_2.fastq.gz
SAMEA3847037	ERR1837038/ERR1837038_1.fastq.gz	ERR1837038/ERR1837038_2.fastq.gz
SAMEA3847037	ERR1837048/ERR1837048_1.fastq.gz	ERR1837048/ERR1837048_2.fastq.gz
SAMEA3847979	ERR1724717/ERR1724717_1.fastq.gz	ERR1724717/ERR1724717_2.fastq.gz
SAMEA3847979	ERR1743806/ERR1743806_1.fastq.gz	ERR1743806/ERR1743806_2.fastq.gz
SAMEA3848359	ERR1629744/ERR1629744_1.fastq.gz	ERR1629744/ERR1629744_2.fastq.gz
SAMEA3848359	ERR1629753/ERR1629753_1.fastq.gz	ERR1629753/ERR1629753_2.fastq.gz
SAMEA3851966	ERR1629680/ERR1629680_1.fastq.gz	ERR1629680/ERR1629680_2.fastq.gz
SAMEA3851966	ERR1629690/ERR1629690_1.fastq.gz	ERR1629690/ERR1629690_2.fastq.gz
SAMEA3851971	ERR1629679/ERR1629679_1.fastq.gz	ERR1629679/ERR1629679_2.fastq.gz
SAMEA3851971	ERR1629689/ERR1629689_1.fastq.gz	ERR1629689/ERR1629689_2.fastq.gz
SAMEA3853038	ERR1629725/ERR1629725_1.fastq.gz	ERR1629725/ERR1629725_2.fastq.gz
SAMEA3853038	ERR1629735/ERR1629735_1.fastq.gz	ERR1629735/ERR1629735_2.fastq.gz
SAMEA3853119	ERR1555136/ERR1555136_1.fastq.gz	ERR1555136/ERR1555136_2.fastq.gz
SAMEA3853119	ERR1594757/ERR1594757_1.fastq.gz	ERR1594757/ERR1594757_2.fastq.gz
SAMEA3853119	ERR1837062/ERR1837062_1.fastq.gz	ERR1837062/ERR1837062_2.fastq.gz
SAMEA3853119	ERR1837071/ERR1837071_1.fastq.gz	ERR1837071/ERR1837071_2.fastq.gz
SAMEA3853121	ERR1555135/ERR1555135_1.fastq.gz	ERR1555135/ERR1555135_2.fastq.gz
SAMEA3853121	ERR1594756/ERR1594756_1.fastq.gz	ERR1594756/ERR1594756_2.fastq.gz
SAMEA3853121	ERR1837061/ERR1837061_1.fastq.gz	ERR1837061/ERR1837061_2.fastq.gz
SAMEA3853121	ERR1837070/ERR1837070_1.fastq.gz	ERR1837070/ERR1837070_2.fastq.gz
SAMEA3853122	ERR1629738/ERR1629738_1.fastq.gz	ERR1629738/ERR1629738_2.fastq.gz
SAMEA3853122	ERR1629747/ERR1629747_1.fastq.gz	ERR1629747/ERR1629747_2.fastq.gz
SAMEA3853129	ERR1903394/ERR1903394_1.fastq.gz	ERR1903394/ERR1903394_2.fastq.gz
SAMEA3853129	ERR1903399/ERR1903399_1.fastq.gz	ERR1903399/ERR1903399_2.fastq.gz
SAMEA3853131	ERR1555139/ERR1555139_1.fastq.gz	ERR1555139/ERR1555139_2.fastq.gz
SAMEA3853131	ERR1594760/ERR1594760_1.fastq.gz	ERR1594760/ERR1594760_2.fastq.gz
SAMEA3853131	ERR1837065/ERR1837065_1.fastq.gz	ERR1837065/ERR1837065_2.fastq.gz
SAMEA3853131	ERR1837074/ERR1837074_1.fastq.gz	ERR1837074/ERR1837074_2.fastq.gz
SAMEA3853136	ERR1555124/ERR1555124_1.fastq.gz	ERR1555124/ERR1555124_2.fastq.gz
SAMEA3853136	ERR1594745/ERR1594745_1.fastq.gz	ERR1594745/ERR1594745_2.fastq.gz
SAMEA3853136	ERR1837050/ERR1837050_1.fastq.gz	ERR1837050/ERR1837050_2.fastq.gz
SAMEA3853136	ERR1837078/ERR1837078_1.fastq.gz	ERR1837078/ERR1837078_2.fastq.gz
SAMEA3853137	ERR1555125/ERR1555125_1.fastq.gz	ERR1555125/ERR1555125_2.fastq.gz
SAMEA3853137	ERR1594746/ERR1594746_1.fastq.gz	ERR1594746/ERR1594746_2.fastq.gz
SAMEA3853137	ERR1837051/ERR1837051_1.fastq.gz	ERR1837051/ERR1837051_2.fastq.gz
SAMEA3853137	ERR1837079/ERR1837079_1.fastq.gz	ERR1837079/ERR1837079_2.fastq.gz
SAMEA3853140	ERR2278251/ERR2278251_1.fastq.gz	ERR2278251/ERR2278251_2.fastq.gz
SAMEA3853140	ERR2278261/ERR2278261_1.fastq.gz	ERR2278261/ERR2278261_2.fastq.gz
SAMEA3853143	ERR2278252/ERR2278252_1.fastq.gz	ERR2278252/ERR2278252_2.fastq.gz
SAMEA3853143	ERR2278262/ERR2278262_1.fastq.gz	ERR2278262/ERR2278262_2.fastq.gz
SAMEA3853157	ERR1629682/ERR1629682_1.fastq.gz	ERR1629682/ERR1629682_2.fastq.gz
SAMEA3853157	ERR1629692/ERR1629692_1.fastq.gz	ERR1629692/ERR1629692_2.fastq.gz
SAMEA3853161	ERR1629683/ERR1629683_1.fastq.gz	ERR1629683/ERR1629683_2.fastq.gz
SAMEA3853161	ERR1629693/ERR1629693_1.fastq.gz	ERR1629693/ERR1629693_2.fastq.gz
SAMEA3853165	ERR2039320/ERR2039320_1.fastq.gz	ERR2039320/ERR2039320_2.fastq.gz
SAMEA3853165	ERR2039330/ERR2039330_1.fastq.gz	ERR2039330/ERR2039330_2.fastq.gz
SAMEA3853173	ERR1724703/ERR1724703_1.fastq.gz	ERR1724703/ERR1724703_2.fastq.gz
SAMEA3853173	ERR1743792/ERR1743792_1.fastq.gz	ERR1743792/ERR1743792_2.fastq.gz
SAMEA3853180	ERR1724698/ERR1724698_1.fastq.gz	ERR1724698/ERR1724698_2.fastq.gz
SAMEA3853180	ERR1823506/ERR1823506_1.fastq.gz	ERR1823506/ERR1823506_2.fastq.gz
SAMEA3854068	ERR1629724/ERR1629724_1.fastq.gz	ERR1629724/ERR1629724_2.fastq.gz
SAMEA3854068	ERR1629734/ERR1629734_1.fastq.gz	ERR1629734/ERR1629734_2.fastq.gz
SAMEA3854130	ERR1555130/ERR1555130_1.fastq.gz	ERR1555130/ERR1555130_2.fastq.gz
SAMEA3854130	ERR1594751/ERR1594751_1.fastq.gz	ERR1594751/ERR1594751_2.fastq.gz
SAMEA3854130	ERR1837056/ERR1837056_1.fastq.gz	ERR1837056/ERR1837056_2.fastq.gz
SAMEA3854130	ERR1837084/ERR1837084_1.fastq.gz	ERR1837084/ERR1837084_2.fastq.gz
SAMEA3854130	ERR2278348/ERR2278348_1.fastq.gz	ERR2278348/ERR2278348_2.fastq.gz
SAMEA3854130	ERR2278349/ERR2278349_1.fastq.gz	ERR2278349/ERR2278349_2.fastq.gz
SAMEA3854215	ERR1629739/ERR1629739_1.fastq.gz	ERR1629739/ERR1629739_2.fastq.gz
SAMEA3854215	ERR1629748/ERR1629748_1.fastq.gz	ERR1629748/ERR1629748_2.fastq.gz
SAMEA3854226	ERR1629743/ERR1629743_1.fastq.gz	ERR1629743/ERR1629743_2.fastq.gz
SAMEA3854226	ERR1629752/ERR1629752_1.fastq.gz	ERR1629752/ERR1629752_2.fastq.gz
SAMEA3854232	ERR1724702/ERR1724702_1.fastq.gz	ERR1724702/ERR1724702_2.fastq.gz
SAMEA3854232	ERR1743791/ERR1743791_1.fastq.gz	ERR1743791/ERR1743791_2.fastq.gz
SAMEA3854239	ERR1724732/ERR1724732_1.fastq.gz	ERR1724732/ERR1724732_2.fastq.gz
SAMEA3854239	ERR1743820/ERR1743820_1.fastq.gz	ERR1743820/ERR1743820_2.fastq.gz
SAMEA3854308	ERR1629697/ERR1629697_1.fastq.gz	ERR1629697/ERR1629697_2.fastq.gz
SAMEA3854308	ERR1629707/ERR1629707_1.fastq.gz	ERR1629707/ERR1629707_2.fastq.gz
SAMEA3854309	ERR1555137/ERR1555137_1.fastq.gz	ERR1555137/ERR1555137_2.fastq.gz
SAMEA3854309	ERR1594758/ERR1594758_1.fastq.gz	ERR1594758/ERR1594758_2.fastq.gz
SAMEA3854309	ERR1837063/ERR1837063_1.fastq.gz	ERR1837063/ERR1837063_2.fastq.gz
SAMEA3854309	ERR1837072/ERR1837072_1.fastq.gz	ERR1837072/ERR1837072_2.fastq.gz
SAMEA3854313	ERR1629684/ERR1629684_1.fastq.gz	ERR1629684/ERR1629684_2.fastq.gz
SAMEA3854313	ERR1629694/ERR1629694_1.fastq.gz	ERR1629694/ERR1629694_2.fastq.gz
SAMEA3962372	ERR1629696/ERR1629696_1.fastq.gz	ERR1629696/ERR1629696_2.fastq.gz
SAMEA3962372	ERR1629706/ERR1629706_1.fastq.gz	ERR1629706/ERR1629706_2.fastq.gz
SAMEA3962381	ERR1724708/ERR1724708_1.fastq.gz	ERR1724708/ERR1724708_2.fastq.gz
SAMEA3962381	ERR1743797/ERR1743797_1.fastq.gz	ERR1743797/ERR1743797_2.fastq.gz
SAMEA3962382	ERR1724707/ERR1724707_1.fastq.gz	ERR1724707/ERR1724707_2.fastq.gz
SAMEA3962382	ERR1743796/ERR1743796_1.fastq.gz	ERR1743796/ERR1743796_2.fastq.gz
SAMEA3962387	ERR1629685/ERR1629685_1.fastq.gz	ERR1629685/ERR1629685_2.fastq.gz
SAMEA3962387	ERR1629695/ERR1629695_1.fastq.gz	ERR1629695/ERR1629695_2.fastq.gz
SAMEA3962389	ERR1629720/ERR1629720_1.fastq.gz	ERR1629720/ERR1629720_2.fastq.gz
SAMEA3962389	ERR1629730/ERR1629730_1.fastq.gz	ERR1629730/ERR1629730_2.fastq.gz
SAMEA3962524	ERR1555141/ERR1555141_1.fastq.gz	ERR1555141/ERR1555141_2.fastq.gz
SAMEA3962524	ERR1594762/ERR1594762_1.fastq.gz	ERR1594762/ERR1594762_2.fastq.gz
SAMEA3962524	ERR1837067/ERR1837067_1.fastq.gz	ERR1837067/ERR1837067_2.fastq.gz
SAMEA3962524	ERR1837076/ERR1837076_1.fastq.gz	ERR1837076/ERR1837076_2.fastq.gz
SAMEA3962525	ERR1555140/ERR1555140_1.fastq.gz	ERR1555140/ERR1555140_2.fastq.gz
SAMEA3962525	ERR1594761/ERR1594761_1.fastq.gz	ERR1594761/ERR1594761_2.fastq.gz
SAMEA3962525	ERR1837066/ERR1837066_1.fastq.gz	ERR1837066/ERR1837066_2.fastq.gz
SAMEA3962525	ERR1837075/ERR1837075_1.fastq.gz	ERR1837075/ERR1837075_2.fastq.gz
SAMEA3962528	ERR2278248/ERR2278248_1.fastq.gz	ERR2278248/ERR2278248_2.fastq.gz
SAMEA3962528	ERR2278258/ERR2278258_1.fastq.gz	ERR2278258/ERR2278258_2.fastq.gz
SAMEA3962529	ERR1555138/ERR1555138_1.fastq.gz	ERR1555138/ERR1555138_2.fastq.gz
SAMEA3962529	ERR1594759/ERR1594759_1.fastq.gz	ERR1594759/ERR1594759_2.fastq.gz
SAMEA3962529	ERR1837064/ERR1837064_1.fastq.gz	ERR1837064/ERR1837064_2.fastq.gz
SAMEA3962529	ERR1837073/ERR1837073_1.fastq.gz	ERR1837073/ERR1837073_2.fastq.gz
SAMEA3962530	ERR1724718/ERR1724718_1.fastq.gz	ERR1724718/ERR1724718_2.fastq.gz
SAMEA3962530	ERR1743807/ERR1743807_1.fastq.gz	ERR1743807/ERR1743807_2.fastq.gz
SAMEA3962560	ERR1629716/ERR1629716_1.fastq.gz	ERR1629716/ERR1629716_2.fastq.gz
SAMEA3962560	ERR1629726/ERR1629726_1.fastq.gz	ERR1629726/ERR1629726_2.fastq.gz
SAMEA3962561	ERR1629701/ERR1629701_1.fastq.gz	ERR1629701/ERR1629701_2.fastq.gz
SAMEA3962561	ERR1629711/ERR1629711_1.fastq.gz	ERR1629711/ERR1629711_2.fastq.gz
SAMEA3962562	ERR1629702/ERR1629702_1.fastq.gz	ERR1629702/ERR1629702_2.fastq.gz
SAMEA3962562	ERR1629712/ERR1629712_1.fastq.gz	ERR1629712/ERR1629712_2.fastq.gz
SAMEA3962563	ERR1629705/ERR1629705_1.fastq.gz	ERR1629705/ERR1629705_2.fastq.gz
SAMEA3962563	ERR1629715/ERR1629715_1.fastq.gz	ERR1629715/ERR1629715_2.fastq.gz
SAMEA3962566	ERR1724723/ERR1724723_1.fastq.gz	ERR1724723/ERR1724723_2.fastq.gz
SAMEA3962566	ERR1743811/ERR1743811_1.fastq.gz	ERR1743811/ERR1743811_2.fastq.gz
SAMEA3962568	ERR1629736/ERR1629736_1.fastq.gz	ERR1629736/ERR1629736_2.fastq.gz
SAMEA3962568	ERR1629745/ERR1629745_1.fastq.gz	ERR1629745/ERR1629745_2.fastq.gz
SAMEA3962619	ERR1724712/ERR1724712_1.fastq.gz	ERR1724712/ERR1724712_2.fastq.gz
SAMEA3962619	ERR1743801/ERR1743801_1.fastq.gz	ERR1743801/ERR1743801_2.fastq.gz
SAMEA3962620	ERR1724711/ERR1724711_1.fastq.gz	ERR1724711/ERR1724711_2.fastq.gz
SAMEA3962620	ERR1743800/ERR1743800_1.fastq.gz	ERR1743800/ERR1743800_2.fastq.gz
SAMEA3962624	ERR1724709/ERR1724709_1.fastq.gz	ERR1724709/ERR1724709_2.fastq.gz
SAMEA3962624	ERR1743798/ERR1743798_1.fastq.gz	ERR1743798/ERR1743798_2.fastq.gz
SAMEA3962628	ERR2039317/ERR2039317_1.fastq.gz	ERR2039317/ERR2039317_2.fastq.gz
SAMEA3962628	ERR2039327/ERR2039327_1.fastq.gz	ERR2039327/ERR2039327_2.fastq.gz
SAMEA3963884	ERR1629718/ERR1629718_1.fastq.gz	ERR1629718/ERR1629718_2.fastq.gz
SAMEA3963884	ERR1629728/ERR1629728_1.fastq.gz	ERR1629728/ERR1629728_2.fastq.gz
SAMEA3963885	ERR1629717/ERR1629717_1.fastq.gz	ERR1629717/ERR1629717_2.fastq.gz
SAMEA3963885	ERR1629727/ERR1629727_1.fastq.gz	ERR1629727/ERR1629727_2.fastq.gz
SAMEA3964246	ERR1555116/ERR1555116_1.fastq.gz	ERR1555116/ERR1555116_2.fastq.gz
SAMEA3964246	ERR1594737/ERR1594737_1.fastq.gz	ERR1594737/ERR1594737_2.fastq.gz
SAMEA3964246	ERR1837032/ERR1837032_1.fastq.gz	ERR1837032/ERR1837032_2.fastq.gz
SAMEA3964246	ERR1837042/ERR1837042_1.fastq.gz	ERR1837042/ERR1837042_2.fastq.gz
SAMEA3964247	ERR1555115/ERR1555115_1.fastq.gz	ERR1555115/ERR1555115_2.fastq.gz
SAMEA3964247	ERR1594736/ERR1594736_1.fastq.gz	ERR1594736/ERR1594736_2.fastq.gz
SAMEA3964247	ERR1837031/ERR1837031_1.fastq.gz	ERR1837031/ERR1837031_2.fastq.gz
SAMEA3964247	ERR1837041/ERR1837041_1.fastq.gz	ERR1837041/ERR1837041_2.fastq.gz
SAMEA3964256	ERR1724710/ERR1724710_1.fastq.gz	ERR1724710/ERR1724710_2.fastq.gz
SAMEA3964256	ERR1743799/ERR1743799_1.fastq.gz	ERR1743799/ERR1743799_2.fastq.gz
SAMEA3964906	ERR1724726/ERR1724726_1.fastq.gz	ERR1724726/ERR1724726_2.fastq.gz
SAMEA3964906	ERR1743814/ERR1743814_1.fastq.gz	ERR1743814/ERR1743814_2.fastq.gz
SAMEA3964907	ERR1724725/ERR1724725_1.fastq.gz	ERR1724725/ERR1724725_2.fastq.gz
SAMEA3964907	ERR1743813/ERR1743813_1.fastq.gz	ERR1743813/ERR1743813_2.fastq.gz
SAMEA3965164	ERR1629698/ERR1629698_1.fastq.gz	ERR1629698/ERR1629698_2.fastq.gz
SAMEA3965164	ERR1629708/ERR1629708_1.fastq.gz	ERR1629708/ERR1629708_2.fastq.gz
SAMEA3965165	ERR1629737/ERR1629737_1.fastq.gz	ERR1629737/ERR1629737_2.fastq.gz
SAMEA3965165	ERR1629746/ERR1629746_1.fastq.gz	ERR1629746/ERR1629746_2.fastq.gz
SAMEA3966033	ERR2039340/ERR2039340_1.fastq.gz	ERR2039340/ERR2039340_2.fastq.gz
SAMEA3966033	ERR2039350/ERR2039350_1.fastq.gz	ERR2039350/ERR2039350_2.fastq.gz
SAMEA3966392	ERR1629742/ERR1629742_1.fastq.gz	ERR1629742/ERR1629742_2.fastq.gz
SAMEA3966392	ERR1629751/ERR1629751_1.fastq.gz	ERR1629751/ERR1629751_2.fastq.gz
SAMEA3966782	ERR1724740/ERR1724740_1.fastq.gz	ERR1724740/ERR1724740_2.fastq.gz
SAMEA3966782	ERR1743827/ERR1743827_1.fastq.gz	ERR1743827/ERR1743827_2.fastq.gz
SAMEA3967041	ERR1555131/ERR1555131_1.fastq.gz	ERR1555131/ERR1555131_2.fastq.gz
SAMEA3967041	ERR1594752/ERR1594752_1.fastq.gz	ERR1594752/ERR1594752_2.fastq.gz
SAMEA3967041	ERR1837057/ERR1837057_1.fastq.gz	ERR1837057/ERR1837057_2.fastq.gz
SAMEA3967041	ERR1837085/ERR1837085_1.fastq.gz	ERR1837085/ERR1837085_2.fastq.gz
SAMEA3967410	ERR1724724/ERR1724724_1.fastq.gz	ERR1724724/ERR1724724_2.fastq.gz
SAMEA3967410	ERR1743812/ERR1743812_1.fastq.gz	ERR1743812/ERR1743812_2.fastq.gz
SAMEA3967411	ERR1555133/ERR1555133_1.fastq.gz	ERR1555133/ERR1555133_2.fastq.gz
SAMEA3967411	ERR1594754/ERR1594754_1.fastq.gz	ERR1594754/ERR1594754_2.fastq.gz
SAMEA3967411	ERR1837059/ERR1837059_1.fastq.gz	ERR1837059/ERR1837059_2.fastq.gz
SAMEA3967411	ERR1837068/ERR1837068_1.fastq.gz	ERR1837068/ERR1837068_2.fastq.gz
SAMEA3967414	ERR2039341/ERR2039341_1.fastq.gz	ERR2039341/ERR2039341_2.fastq.gz
SAMEA3967414	ERR2039351/ERR2039351_1.fastq.gz	ERR2039351/ERR2039351_2.fastq.gz
SAMEA3968753	ERR1555128/ERR1555128_1.fastq.gz	ERR1555128/ERR1555128_2.fastq.gz
SAMEA3968753	ERR1594749/ERR1594749_1.fastq.gz	ERR1594749/ERR1594749_2.fastq.gz
SAMEA3968753	ERR1837054/ERR1837054_1.fastq.gz	ERR1837054/ERR1837054_2.fastq.gz
SAMEA3968753	ERR1837082/ERR1837082_1.fastq.gz	ERR1837082/ERR1837082_2.fastq.gz
SAMEA3968755	ERR1555134/ERR1555134_1.fastq.gz	ERR1555134/ERR1555134_2.fastq.gz
SAMEA3968755	ERR1594755/ERR1594755_1.fastq.gz	ERR1594755/ERR1594755_2.fastq.gz
SAMEA3968755	ERR1837060/ERR1837060_1.fastq.gz	ERR1837060/ERR1837060_2.fastq.gz
SAMEA3968755	ERR1837069/ERR1837069_1.fastq.gz	ERR1837069/ERR1837069_2.fastq.gz
SAMEA3968761	ERR1629703/ERR1629703_1.fastq.gz	ERR1629703/ERR1629703_2.fastq.gz
SAMEA3968761	ERR1629713/ERR1629713_1.fastq.gz	ERR1629713/ERR1629713_2.fastq.gz
SAMEA3968772	ERR1724730/ERR1724730_1.fastq.gz	ERR1724730/ERR1724730_2.fastq.gz
SAMEA3968772	ERR1743818/ERR1743818_1.fastq.gz	ERR1743818/ERR1743818_2.fastq.gz
SAMEA3968774	ERR1724729/ERR1724729_1.fastq.gz	ERR1724729/ERR1724729_2.fastq.gz
SAMEA3968774	ERR1743817/ERR1743817_1.fastq.gz	ERR1743817/ERR1743817_2.fastq.gz
SAMEA3968781	ERR1724731/ERR1724731_1.fastq.gz	ERR1724731/ERR1724731_2.fastq.gz
SAMEA3968781	ERR1743819/ERR1743819_1.fastq.gz	ERR1743819/ERR1743819_2.fastq.gz
SAMEA3969686	ERR1629704/ERR1629704_1.fastq.gz	ERR1629704/ERR1629704_2.fastq.gz
SAMEA3969686	ERR1629714/ERR1629714_1.fastq.gz	ERR1629714/ERR1629714_2.fastq.gz
SAMEA3969693	ERR1555132/ERR1555132_1.fastq.gz	ERR1555132/ERR1555132_2.fastq.gz
SAMEA3969693	ERR1594753/ERR1594753_1.fastq.gz	ERR1594753/ERR1594753_2.fastq.gz
SAMEA3969693	ERR1837058/ERR1837058_1.fastq.gz	ERR1837058/ERR1837058_2.fastq.gz
SAMEA3969693	ERR1837086/ERR1837086_1.fastq.gz	ERR1837086/ERR1837086_2.fastq.gz
SAMEA3969710	ERR1629723/ERR1629723_1.fastq.gz	ERR1629723/ERR1629723_2.fastq.gz
SAMEA3969710	ERR1629733/ERR1629733_1.fastq.gz	ERR1629733/ERR1629733_2.fastq.gz
SAMEA3970237	ERR1555126/ERR1555126_1.fastq.gz	ERR1555126/ERR1555126_2.fastq.gz
SAMEA3970237	ERR1594747/ERR1594747_1.fastq.gz	ERR1594747/ERR1594747_2.fastq.gz
SAMEA3970237	ERR1837052/ERR1837052_1.fastq.gz	ERR1837052/ERR1837052_2.fastq.gz
SAMEA3970237	ERR1837080/ERR1837080_1.fastq.gz	ERR1837080/ERR1837080_2.fastq.gz
SAMEA3970239	ERR1555127/ERR1555127_1.fastq.gz	ERR1555127/ERR1555127_2.fastq.gz
SAMEA3970239	ERR1594748/ERR1594748_1.fastq.gz	ERR1594748/ERR1594748_2.fastq.gz
SAMEA3970239	ERR1837053/ERR1837053_1.fastq.gz	ERR1837053/ERR1837053_2.fastq.gz
SAMEA3970239	ERR1837081/ERR1837081_1.fastq.gz	ERR1837081/ERR1837081_2.fastq.gz
SAMEA3973284	ERR1724701/ERR1724701_1.fastq.gz	ERR1724701/ERR1724701_2.fastq.gz
SAMEA3973284	ERR1743790/ERR1743790_1.fastq.gz	ERR1743790/ERR1743790_2.fastq.gz
SAMEA3973288	ERR1724727/ERR1724727_1.fastq.gz	ERR1724727/ERR1724727_2.fastq.gz
SAMEA3973288	ERR1743815/ERR1743815_1.fastq.gz	ERR1743815/ERR1743815_2.fastq.gz
SAMEA3973848	ERR1724704/ERR1724704_1.fastq.gz	ERR1724704/ERR1724704_2.fastq.gz
SAMEA3973848	ERR1743793/ERR1743793_1.fastq.gz	ERR1743793/ERR1743793_2.fastq.gz
SAMEA3973851	ERR1724705/ERR1724705_1.fastq.gz	ERR1724705/ERR1724705_2.fastq.gz
SAMEA3973851	ERR1743794/ERR1743794_1.fastq.gz	ERR1743794/ERR1743794_2.fastq.gz
SAMEA3973852	ERR1724735/ERR1724735_1.fastq.gz	ERR1724735/ERR1724735_2.fastq.gz
SAMEA3973852	ERR1743823/ERR1743823_1.fastq.gz	ERR1743823/ERR1743823_2.fastq.gz
SAMEA3973854	ERR1724734/ERR1724734_1.fastq.gz	ERR1724734/ERR1724734_2.fastq.gz
SAMEA3973854	ERR1743822/ERR1743822_1.fastq.gz	ERR1743822/ERR1743822_2.fastq.gz
SAMEA3973871	ERR1724741/ERR1724741_1.fastq.gz	ERR1724741/ERR1724741_2.fastq.gz
SAMEA3973871	ERR1743828/ERR1743828_1.fastq.gz	ERR1743828/ERR1743828_2.fastq.gz
SAMEA3974014	ERR1629719/ERR1629719_1.fastq.gz	ERR1629719/ERR1629719_2.fastq.gz
SAMEA3974014	ERR1629729/ERR1629729_1.fastq.gz	ERR1629729/ERR1629729_2.fastq.gz
SAMEA3974015	ERR1724728/ERR1724728_1.fastq.gz	ERR1724728/ERR1724728_2.fastq.gz
SAMEA3974015	ERR1743816/ERR1743816_1.fastq.gz	ERR1743816/ERR1743816_2.fastq.gz
SAMEA3974064	ERR1724733/ERR1724733_1.fastq.gz	ERR1724733/ERR1724733_2.fastq.gz
SAMEA3974064	ERR1743821/ERR1743821_1.fastq.gz	ERR1743821/ERR1743821_2.fastq.gz
SAMEA3974236	ERR1555129/ERR1555129_1.fastq.gz	ERR1555129/ERR1555129_2.fastq.gz
SAMEA3974236	ERR1594750/ERR1594750_1.fastq.gz	ERR1594750/ERR1594750_2.fastq.gz
SAMEA3974236	ERR1837055/ERR1837055_1.fastq.gz	ERR1837055/ERR1837055_2.fastq.gz
SAMEA3974236	ERR1837083/ERR1837083_1.fastq.gz	ERR1837083/ERR1837083_2.fastq.gz
SAMEA3974241	ERR1629722/ERR1629722_1.fastq.gz	ERR1629722/ERR1629722_2.fastq.gz
SAMEA3974241	ERR1629732/ERR1629732_1.fastq.gz	ERR1629732/ERR1629732_2.fastq.gz
SAMEA3974244	ERR1629721/ERR1629721_1.fastq.gz	ERR1629721/ERR1629721_2.fastq.gz
SAMEA3974244	ERR1629731/ERR1629731_1.fastq.gz	ERR1629731/ERR1629731_2.fastq.gz
SAMEA3974246	ERR1724721/ERR1724721_1.fastq.gz	ERR1724721/ERR1724721_2.fastq.gz
SAMEA3974246	ERR1823507/ERR1823507_1.fastq.gz	ERR1823507/ERR1823507_2.fastq.gz
SAMEA3974247	ERR1724722/ERR1724722_1.fastq.gz	ERR1724722/ERR1724722_2.fastq.gz
SAMEA3974247	ERR1743810/ERR1743810_1.fastq.gz	ERR1743810/ERR1743810_2.fastq.gz
SAMEA3974502	ERR2039342/ERR2039342_1.fastq.gz	ERR2039342/ERR2039342_2.fastq.gz
SAMEA3974502	ERR2039352/ERR2039352_1.fastq.gz	ERR2039352/ERR2039352_2.fastq.gz
SAMEA3977051	ERR1629681/ERR1629681_1.fastq.gz	ERR1629681/ERR1629681_2.fastq.gz
SAMEA3977051	ERR1629691/ERR1629691_1.fastq.gz	ERR1629691/ERR1629691_2.fastq.gz
SAMEA4085297	ERR2039357/ERR2039357_1.fastq.gz	ERR2039357/ERR2039357_2.fastq.gz
SAMEA4085297	ERR2039367/ERR2039367_1.fastq.gz	ERR2039367/ERR2039367_2.fastq.gz
SAMEA4085299	ERR2039358/ERR2039358_1.fastq.gz	ERR2039358/ERR2039358_2.fastq.gz
SAMEA4085299	ERR2039368/ERR2039368_1.fastq.gz	ERR2039368/ERR2039368_2.fastq.gz
SAMEA4089453	ERR1629740/ERR1629740_1.fastq.gz	ERR1629740/ERR1629740_2.fastq.gz
SAMEA4089453	ERR1629749/ERR1629749_1.fastq.gz	ERR1629749/ERR1629749_2.fastq.gz
SAMEA4089454	ERR1629741/ERR1629741_1.fastq.gz	ERR1629741/ERR1629741_2.fastq.gz
SAMEA4089454	ERR1629750/ERR1629750_1.fastq.gz	ERR1629750/ERR1629750_2.fastq.gz
SAMEA4089842	ERR1724716/ERR1724716_1.fastq.gz	ERR1724716/ERR1724716_2.fastq.gz
SAMEA4089842	ERR1743805/ERR1743805_1.fastq.gz	ERR1743805/ERR1743805_2.fastq.gz
SAMEA4089843	ERR1724715/ERR1724715_1.fastq.gz	ERR1724715/ERR1724715_2.fastq.gz
SAMEA4089843	ERR1743804/ERR1743804_1.fastq.gz	ERR1743804/ERR1743804_2.fastq.gz
SAMEA4090531	ERR1724714/ERR1724714_1.fastq.gz	ERR1724714/ERR1724714_2.fastq.gz
SAMEA4090531	ERR1743803/ERR1743803_1.fastq.gz	ERR1743803/ERR1743803_2.fastq.gz
SAMEA4090533	ERR1724713/ERR1724713_1.fastq.gz	ERR1724713/ERR1724713_2.fastq.gz
SAMEA4090533	ERR1743802/ERR1743802_1.fastq.gz	ERR1743802/ERR1743802_2.fastq.gz
SAMEA4091336	ERR2039343/ERR2039343_1.fastq.gz	ERR2039343/ERR2039343_2.fastq.gz
SAMEA4091336	ERR2039353/ERR2039353_1.fastq.gz	ERR2039353/ERR2039353_2.fastq.gz
SAMEA4092051	ERR2039344/ERR2039344_1.fastq.gz	ERR2039344/ERR2039344_2.fastq.gz
SAMEA4092051	ERR2039354/ERR2039354_1.fastq.gz	ERR2039354/ERR2039354_2.fastq.gz
SAMEA4303610	ERR1724719/ERR1724719_1.fastq.gz	ERR1724719/ERR1724719_2.fastq.gz
SAMEA4303610	ERR1743808/ERR1743808_1.fastq.gz	ERR1743808/ERR1743808_2.fastq.gz
SAMEA4303613	ERR1724720/ERR1724720_1.fastq.gz	ERR1724720/ERR1724720_2.fastq.gz
SAMEA4303613	ERR1743809/ERR1743809_1.fastq.gz	ERR1743809/ERR1743809_2.fastq.gz
SAMEA4303614	ERR1724736/ERR1724736_1.fastq.gz	ERR1724736/ERR1724736_2.fastq.gz
SAMEA4303614	ERR1743824/ERR1743824_1.fastq.gz	ERR1743824/ERR1743824_2.fastq.gz
SAMEA4303617	ERR1724738/ERR1724738_1.fastq.gz	ERR1724738/ERR1724738_2.fastq.gz
SAMEA4303617	ERR1823508/ERR1823508_1.fastq.gz	ERR1823508/ERR1823508_2.fastq.gz
SAMEA4303618	ERR1724737/ERR1724737_1.fastq.gz	ERR1724737/ERR1724737_2.fastq.gz
SAMEA4303618	ERR1743825/ERR1743825_1.fastq.gz	ERR1743825/ERR1743825_2.fastq.gz
SAMEA4303619	ERR1724739/ERR1724739_1.fastq.gz	ERR1724739/ERR1724739_2.fastq.gz
SAMEA4303619	ERR1743826/ERR1743826_1.fastq.gz	ERR1743826/ERR1743826_2.fastq.gz
SAMEA4339548	ERR2039321/ERR2039321_1.fastq.gz	ERR2039321/ERR2039321_2.fastq.gz
SAMEA4339548	ERR2039331/ERR2039331_1.fastq.gz	ERR2039331/ERR2039331_2.fastq.gz
SAMEA4339550	ERR2039322/ERR2039322_1.fastq.gz	ERR2039322/ERR2039322_2.fastq.gz
SAMEA4339550	ERR2039332/ERR2039332_1.fastq.gz	ERR2039332/ERR2039332_2.fastq.gz
SAMEA4339634	ERR1724748/ERR1724748_1.fastq.gz	ERR1724748/ERR1724748_2.fastq.gz
SAMEA4339634	ERR1743834/ERR1743834_1.fastq.gz	ERR1743834/ERR1743834_2.fastq.gz
SAMEA4339703	ERR2039324/ERR2039324_1.fastq.gz	ERR2039324/ERR2039324_2.fastq.gz
SAMEA4339703	ERR2039334/ERR2039334_1.fastq.gz	ERR2039334/ERR2039334_2.fastq.gz
SAMEA4339705	ERR2039323/ERR2039323_1.fastq.gz	ERR2039323/ERR2039323_2.fastq.gz
SAMEA4339705	ERR2039333/ERR2039333_1.fastq.gz	ERR2039333/ERR2039333_2.fastq.gz
SAMEA4342379	ERR1903397/ERR1903397_1.fastq.gz	ERR1903397/ERR1903397_2.fastq.gz
SAMEA4342379	ERR1903402/ERR1903402_1.fastq.gz	ERR1903402/ERR1903402_2.fastq.gz
SAMEA4343046	ERR2039316/ERR2039316_1.fastq.gz	ERR2039316/ERR2039316_2.fastq.gz
SAMEA4343046	ERR2039326/ERR2039326_1.fastq.gz	ERR2039326/ERR2039326_2.fastq.gz
SAMEA4343049	ERR1724746/ERR1724746_1.fastq.gz	ERR1724746/ERR1724746_2.fastq.gz
SAMEA4343049	ERR1743833/ERR1743833_1.fastq.gz	ERR1743833/ERR1743833_2.fastq.gz
SAMEA4343052	ERR1724747/ERR1724747_1.fastq.gz	ERR1724747/ERR1724747_2.fastq.gz
SAMEA4343052	ERR1823509/ERR1823509_1.fastq.gz	ERR1823509/ERR1823509_2.fastq.gz
SAMEA4446772	ERR1724742/ERR1724742_1.fastq.gz	ERR1724742/ERR1724742_2.fastq.gz
SAMEA4446772	ERR1743829/ERR1743829_1.fastq.gz	ERR1743829/ERR1743829_2.fastq.gz
SAMEA4446780	ERR1724744/ERR1724744_1.fastq.gz	ERR1724744/ERR1724744_2.fastq.gz
SAMEA4446780	ERR1743831/ERR1743831_1.fastq.gz	ERR1743831/ERR1743831_2.fastq.gz
SAMEA4446953	ERR1724743/ERR1724743_1.fastq.gz	ERR1724743/ERR1724743_2.fastq.gz
SAMEA4446953	ERR1743830/ERR1743830_1.fastq.gz	ERR1743830/ERR1743830_2.fastq.gz
SAMEA4446956	ERR1724745/ERR1724745_1.fastq.gz	ERR1724745/ERR1724745_2.fastq.gz
SAMEA4446956	ERR1743832/ERR1743832_1.fastq.gz	ERR1743832/ERR1743832_2.fastq.gz
SAMEA4447178	ERR2039338/ERR2039338_1.fastq.gz	ERR2039338/ERR2039338_2.fastq.gz
SAMEA4447178	ERR2039348/ERR2039348_1.fastq.gz	ERR2039348/ERR2039348_2.fastq.gz
SAMEA4448538	ERR2039318/ERR2039318_1.fastq.gz	ERR2039318/ERR2039318_2.fastq.gz
SAMEA4448538	ERR2039328/ERR2039328_1.fastq.gz	ERR2039328/ERR2039328_2.fastq.gz
SAMEA4448539	ERR2039319/ERR2039319_1.fastq.gz	ERR2039319/ERR2039319_2.fastq.gz
SAMEA4448539	ERR2039329/ERR2039329_1.fastq.gz	ERR2039329/ERR2039329_2.fastq.gz
SAMEA4448549	ERR2039339/ERR2039339_1.fastq.gz	ERR2039339/ERR2039339_2.fastq.gz
SAMEA4448549	ERR2039349/ERR2039349_1.fastq.gz	ERR2039349/ERR2039349_2.fastq.gz
SAMEA4451098	ERR2039360/ERR2039360_1.fastq.gz	ERR2039360/ERR2039360_2.fastq.gz
SAMEA4451098	ERR2039370/ERR2039370_1.fastq.gz	ERR2039370/ERR2039370_2.fastq.gz
SAMEA4451100	ERR2039359/ERR2039359_1.fastq.gz	ERR2039359/ERR2039359_2.fastq.gz
SAMEA4451100	ERR2039369/ERR2039369_1.fastq.gz	ERR2039369/ERR2039369_2.fastq.gz
SAMEA4451109	ERR1903396/ERR1903396_1.fastq.gz	ERR1903396/ERR1903396_2.fastq.gz
SAMEA4451109	ERR1903401/ERR1903401_1.fastq.gz	ERR1903401/ERR1903401_2.fastq.gz
SAMEA4451111	ERR1903395/ERR1903395_1.fastq.gz	ERR1903395/ERR1903395_2.fastq.gz
SAMEA4451111	ERR1903400/ERR1903400_1.fastq.gz	ERR1903400/ERR1903400_2.fastq.gz
SAMEA4451652	ERR2278343/ERR2278343_1.fastq.gz	ERR2278343/ERR2278343_2.fastq.gz
SAMEA4451652	ERR2278346/ERR2278346_1.fastq.gz	ERR2278346/ERR2278346_2.fastq.gz
SAMEA4451655	ERR2039335/ERR2039335_1.fastq.gz	ERR2039335/ERR2039335_2.fastq.gz
SAMEA4451655	ERR2039345/ERR2039345_1.fastq.gz	ERR2039345/ERR2039345_2.fastq.gz
SAMEA4451657	ERR2039336/ERR2039336_1.fastq.gz	ERR2039336/ERR2039336_2.fastq.gz
SAMEA4451657	ERR2039346/ERR2039346_1.fastq.gz	ERR2039346/ERR2039346_2.fastq.gz
SAMEA4452626	ERR2278285/ERR2278285_1.fastq.gz	ERR2278285/ERR2278285_2.fastq.gz
SAMEA4452626	ERR2278293/ERR2278293_1.fastq.gz	ERR2278293/ERR2278293_2.fastq.gz
SAMEA4454941	ERR2039337/ERR2039337_1.fastq.gz	ERR2039337/ERR2039337_2.fastq.gz
SAMEA4454941	ERR2039347/ERR2039347_1.fastq.gz	ERR2039347/ERR2039347_2.fastq.gz
SAMEA4454942	ERR2039355/ERR2039355_1.fastq.gz	ERR2039355/ERR2039355_2.fastq.gz
SAMEA4454942	ERR2039365/ERR2039365_1.fastq.gz	ERR2039365/ERR2039365_2.fastq.gz
SAMEA4454944	ERR2039356/ERR2039356_1.fastq.gz	ERR2039356/ERR2039356_2.fastq.gz
SAMEA4454944	ERR2039366/ERR2039366_1.fastq.gz	ERR2039366/ERR2039366_2.fastq.gz
SAMEA4458545	ERR2039361/ERR2039361_1.fastq.gz	ERR2039361/ERR2039361_2.fastq.gz
SAMEA4458545	ERR2039371/ERR2039371_1.fastq.gz	ERR2039371/ERR2039371_2.fastq.gz
SAMEA4458546	ERR2039362/ERR2039362_1.fastq.gz	ERR2039362/ERR2039362_2.fastq.gz
SAMEA4458546	ERR2039372/ERR2039372_1.fastq.gz	ERR2039372/ERR2039372_2.fastq.gz
SAMEA4562183	ERR2278269/ERR2278269_1.fastq.gz	ERR2278269/ERR2278269_2.fastq.gz
SAMEA4562183	ERR2278279/ERR2278279_1.fastq.gz	ERR2278279/ERR2278279_2.fastq.gz
SAMEA4564805	ERR2039363/ERR2039363_1.fastq.gz	ERR2039363/ERR2039363_2.fastq.gz
SAMEA4564805	ERR2039373/ERR2039373_1.fastq.gz	ERR2039373/ERR2039373_2.fastq.gz
SAMEA4564806	ERR2039364/ERR2039364_1.fastq.gz	ERR2039364/ERR2039364_2.fastq.gz
SAMEA4564806	ERR2039374/ERR2039374_1.fastq.gz	ERR2039374/ERR2039374_2.fastq.gz
SAMEA4677418	ERR1903393/ERR1903393_1.fastq.gz	ERR1903393/ERR1903393_2.fastq.gz
SAMEA4677418	ERR1903398/ERR1903398_1.fastq.gz	ERR1903398/ERR1903398_2.fastq.gz
SAMEA7417168	ERR2278344/ERR2278344_1.fastq.gz	ERR2278344/ERR2278344_2.fastq.gz
SAMEA7417168	ERR2278347/ERR2278347_1.fastq.gz	ERR2278347/ERR2278347_2.fastq.gz
SAMEA7417918	ERR2278270/ERR2278270_1.fastq.gz	ERR2278270/ERR2278270_2.fastq.gz
SAMEA7417918	ERR2278280/ERR2278280_1.fastq.gz	ERR2278280/ERR2278280_2.fastq.gz
